"seq","aou","english_common_name","species_name"
4,"10010","Great Tinamou","Tinamus major"
7,"10030","Little Tinamou","Crypturellus soui"
10,"40080","Thicket Tinamou","Crypturellus cinnamomeus"
13,"10050","Slaty-breasted Tinamou","Crypturellus boucardi"
16,"01770","Black-bellied Whistling-Duck","Dendrocygna autumnalis"
19,"10200","West Indian Whistling-Duck","Dendrocygna arborea"
22,"01780","Fulvous Whistling-Duck","Dendrocygna bicolor"
25,"20590","Swan Goose","Anser cygnoides"
28,"01711","Taiga Bean-Goose","Anser fabalis"
31,"01714","Tundra Bean-Goose","Anser serrirostris"
34,"01712","Pink-footed Goose","Anser brachyrhynchus"
37,"01710","Greater White-fronted Goose","Anser albifrons"
40,"01713","Lesser White-fronted Goose","Anser erythropus"
43,"20600","Graylag Goose","Anser anser"
46,"01760","Emperor Goose","Chen canagica"
49,"01690","Snow Goose","Chen caerulescens"
52,"01691","(Blue Goose) Snow Goose","Chen caerulescens (blue form)"
55,"01700","Ross's Goose","Chen rossii"
58,"01730","Brant","Branta bernicla"
61,"01740","(Black Brant) Brant","Branta bernicla nigricans"
64,"01750","Barnacle Goose","Branta leucopsis"
67,"01725","Cackling Goose","Branta hutchinsii"
70,"01720","Canada Goose","Branta canadensis"
76,"01782","Mute Swan","Cygnus olor"
79,"80380","Black Swan","Cygnus atratus"
82,"01810","Trumpeter Swan","Cygnus buccinator"
85,"01800","Tundra Swan","Cygnus columbianus"
88,"01790","Whooper Swan","Cygnus cygnus"
91,"20630","Egyptian Goose","Alopochen aegyptiaca"
94,"10210","Muscovy Duck","Cairina moschata"
97,"01440","Wood Duck","Aix sponsa"
100,"20670","Mandarin Duck","Aix galericulata"
103,"01350","Gadwall","Anas strepera"
106,"01371","Falcated Duck","Anas falcata"
109,"01360","Eurasian Wigeon","Anas penelope"
112,"01370","American Wigeon","Anas americana"
115,"01330","American Black Duck","Anas rubripes"
118,"01320","Mallard","Anas platyrhynchos"
121,"01331","(Mexican Duck) Mallard","Anas platyrhynchos diazi"
124,"01340","Mottled Duck","Anas fulvigula"
127,"01326","hybrid Mallard x Black Duck or Mottled Duck","Anas platyrhynchos x rubripes or fulvigula"
136,"01341","Eastern Spot-billed Duck","Anas zonorhyncha"
139,"01400","Blue-winged Teal","Anas discors"
142,"01410","Cinnamon Teal","Anas cyanoptera"
145,"01420","Northern Shoveler","Anas clypeata"
148,"01431","White-cheeked Pintail","Anas bahamensis"
151,"01430","Northern Pintail","Anas acuta"
154,"01392","Garganey","Anas querquedula"
157,"01391","Baikal Teal","Anas formosa"
160,"01390","Green-winged Teal","Anas crecca"
163,"01470","Canvasback","Aythya valisineria"
166,"01460","Redhead","Aythya americana"
169,"01461","Common Pochard","Aythya ferina"
172,"01500","Ring-necked Duck","Aythya collaris"
175,"01491","Tufted Duck","Aythya fuligula"
178,"01480","Greater Scaup","Aythya marila"
181,"01490","Lesser Scaup","Aythya affinis"
184,"01489","unid. Greater Scaup / Lesser Scaup","Aythya marila / affinis"
187,"01570","Steller's Eider","Polysticta stelleri"
190,"01580","Spectacled Eider","Somateria fischeri"
193,"01620","King Eider","Somateria spectabilis"
196,"01590","Common Eider","Somateria mollissima"
199,"01550","Harlequin Duck","Histrionicus histrionicus"
202,"01660","Surf Scoter","Melanitta perspicillata"
205,"01650","White-winged Scoter","Melanitta fusca"
208,"01630","Black Scoter","Melanitta americana"
211,"01657","unid. Scoter","Melanitta perspicillata / fusca / americana"
214,"01540","Long-tailed Duck","Clangula hyemalis"
217,"01530","Bufflehead","Bucephala albeola"
220,"01510","Common Goldeneye","Bucephala clangula"
223,"01520","Barrow's Goldeneye","Bucephala islandica"
226,"01512","unid. Common Goldeneye / Barrow's Goldeneye","Bucephala clangula / islandica"
229,"01311","Smew","Mergellus albellus"
232,"01310","Hooded Merganser","Lophodytes cucullatus"
235,"01290","Common Merganser","Mergus merganser"
238,"01300","Red-breasted Merganser","Mergus serrator"
241,"01680","Masked Duck","Nomonyx dominicus"
244,"01670","Ruddy Duck","Oxyura jamaicensis"
247,"03110","Plain Chachalaca","Ortalis vetula"
250,"10572","Rufous-bellied Chachalaca","Ortalis wagleri"
253,"10570","West Mexican Chachalaca","Ortalis poliocephala"
256,"10571","White-bellied Chachalaca","Ortalis leucogastra"
259,"10600","Crested Guan","Penelope purpurascens"
262,"10590","Highland Guan","Penelopina nigra"
265,"10610","Horned Guan","Oreophasis derbianus"
268,"10620","Great Curassow","Crax rubra"
271,"02961","Helmeted Guineafowl","Numida meleagris"
274,"10650","Bearded Wood-Partridge","Dendrortyx barbatus"
277,"10640","Long-tailed Wood-Partridge","Dendrortyx macroura"
280,"10660","Buffy-crowned Wood-Partridge","Dendrortyx leucophrys"
283,"02920","Mountain Quail","Oreortyx pictus"
286,"02930","Scaled Quail","Callipepla squamata"
289,"10780","Elegant Quail","Callipepla douglasii"
292,"02940","California Quail","Callipepla californica"
295,"02950","Gambel's Quail","Callipepla gambelii"
298,"10770","Banded Quail","Philortyx fasciatus"
301,"02890","Northern Bobwhite","Colinus virginianus"
304,"10760","Black-throated Bobwhite","Colinus nigrogularis"
307,"10710","Spotted Wood-Quail","Odontophorus guttatus"
310,"10720","Singing Quail","Dactylortyx thoracicus"
313,"02960","Montezuma Quail","Cyrtonyx montezumae"
316,"10730","Ocellated Quail","Cyrtonyx ocellatus"
319,"02882","Chukar","Alectoris chukar"
325,"02883","Black Francolin","Francolinus francolinus"
331,"21430","Himalayan Snowcock","Tetraogallus himalayensis"
334,"02881","Gray Partridge","Perdix perdix"
340,"03094","Red Junglefowl","Gallus gallus"
346,"03091","Ring-necked Pheasant","Phasianus colchicus"
349,"03095","Common Peafowl","Pavo cristatus"
352,"03000","Ruffed Grouse","Bonasa umbellus"
355,"03090","Greater Sage-Grouse","Centrocercus urophasianus"
358,"03089","Gunnison Sage-Grouse","Centrocercus minimus"
361,"02980","Spruce Grouse","Falcipennis canadensis"
364,"03010","Willow Ptarmigan","Lagopus lagopus"
367,"03020","Rock Ptarmigan","Lagopus muta"
370,"03040","White-tailed Ptarmigan","Lagopus leucura"
373,"02970","Dusky Grouse","Dendragapus obscurus"
376,"02971","Sooty Grouse","Dendragapus fuliginosus"
379,"02973","unid. Dusky Grouse / Sooty Grouse","Dendragapus obscurus / fuliginosus"
382,"03080","Sharp-tailed Grouse","Tympanuchus phasianellus"
385,"03050","Greater Prairie-Chicken","Tympanuchus cupido"
388,"03070","Lesser Prairie-Chicken","Tympanuchus pallidicinctus"
391,"03100","Wild Turkey","Meleagris gallopavo"
394,"10630","Ocellated Turkey","Meleagris ocellata"
397,"00110","Red-throated Loon","Gavia stellata"
400,"00090","Arctic Loon","Gavia arctica"
403,"00100","Pacific Loon","Gavia pacifica"
406,"00101","unid. Arctic Loon / Pacific Loon","Gavia arctica / pacifica"
409,"00070","Common Loon","Gavia immer"
412,"00080","Yellow-billed Loon","Gavia adamsii"
415,"00077","unid. Loon","Gavia sp."
418,"00050","Least Grebe","Tachybaptus dominicus"
421,"00060","Pied-billed Grebe","Podilymbus podiceps"
424,"00030","Horned Grebe","Podiceps auritus"
427,"00020","Red-necked Grebe","Podiceps grisegena"
430,"00040","Eared Grebe","Podiceps nigricollis"
433,"00010","Western Grebe","Aechmophorus occidentalis"
436,"00011","Clark's Grebe","Aechmophorus clarkii"
439,"00012","unid. Western Grebe / Clark's Grebe","Aechmophorus occidentalis / clarkii"
442,"01820","American Flamingo","Phoenicopterus ruber"
445,"00830","Yellow-nosed Albatross","Thalassarche chlororhynchos"
448,"00823","Shy Albatross","Thalassarche cauta"
451,"00822","Black-browed Albatross","Thalassarche melanophris"
457,"00811","Wandering Albatross","Diomedea exulans"
460,"00821","Laysan Albatross","Phoebastria immutabilis"
463,"00810","Black-footed Albatross","Phoebastria nigripes"
466,"00820","Short-tailed Albatross","Phoebastria albatrus"
469,"00860","Northern Fulmar","Fulmarus glacialis"
472,"50400","Great-winged Petrel","Pterodroma macroptera"
475,"00984","Kermadec Petrel","Pterodroma neglecta"
478,"00986","Herald Petrel","Pterodroma arminjoniana"
481,"01001","Murphy's Petrel","Pterodroma ultima"
484,"00990","Mottled Petrel","Pterodroma inexpectata"
487,"00981","Bermuda Petrel","Pterodroma cahow"
490,"00980","Black-capped Petrel","Pterodroma hasitata"
493,"09870","Juan Fernandez Petrel","Pterodroma externa"
496,"00985","Galapagos Petrel","Pterodroma phaeopygia"
511,"00983","Cook's Petrel","Pterodroma cookii"
514,"01003","Stejneger's Petrel","Pterodroma longirostris"
517,"20060","Tahiti Petrel","Pterodroma rostrata"
520,"01010","Bulwer's Petrel","Bulweria bulwerii"
529,"01008","Parkinson's Petrel","Procellaria parkinsoni"
532,"00881","Streaked Shearwater","Calonectris leucomelas"
535,"00880","Cory's Shearwater","Calonectris diomedea"
541,"00910","Pink-footed Shearwater","Puffinus creatopus"
544,"00951","Flesh-footed Shearwater","Puffinus carneipes"
547,"00890","Great Shearwater","Puffinus gravis"
550,"00961","Wedge-tailed Shearwater","Puffinus pacificus"
553,"00962","Buller's Shearwater","Puffinus bulleri"
556,"00950","Sooty Shearwater","Puffinus griseus"
559,"00960","Short-tailed Shearwater","Puffinus tenuirostris"
562,"00963","Christmas Shearwater","Puffinus nativitatis"
565,"00900","Manx Shearwater","Puffinus puffinus"
568,"00931","Townsend's Shearwater","Puffinus auricularis"
571,"00930","Black-vented Shearwater","Puffinus opisthomelas"
574,"00920","Audubon's Shearwater","Puffinus lherminieri"
577,"00921","Little Shearwater","Puffinus assimilis"
580,"01090","Wilson's Storm-Petrel","Oceanites oceanicus"
583,"01110","White-faced Storm-Petrel","Pelagodroma marina"
586,"01040","European Storm-Petrel","Hydrobates pelagicus"
589,"01050","Fork-tailed Storm-Petrel","Oceanodroma furcata"
598,"01060","Leach's Storm-Petrel","Oceanodroma leucorhoa"
601,"01080","Ashy Storm-Petrel","Oceanodroma homochroa"
604,"01062","Band-rumped Storm-Petrel","Oceanodroma castro"
607,"01063","Wedge-rumped Storm-Petrel","Oceanodroma tethys"
610,"01070","Black Storm-Petrel","Oceanodroma melania"
613,"10090","Markham's Storm-Petrel","Oceanodroma markhami"
619,"01030","Least Storm-Petrel","Oceanodroma microsoma"
622,"01120","White-tailed Tropicbird","Phaethon lepturus"
625,"01130","Red-billed Tropicbird","Phaethon aethereus"
628,"01131","Red-tailed Tropicbird","Phaethon rubricauda"
631,"01890","Jabiru","Jabiru mycteria"
634,"01880","Wood Stork","Mycteria americana"
637,"01280","Magnificent Frigatebird","Fregata magnificens"
640,"01281","Great Frigatebird","Fregata minor"
643,"01282","Lesser Frigatebird","Fregata ariel"
646,"01140","Masked Booby","Sula dactylatra"
649,"01142","Nazca Booby","Sula granti"
652,"01141","Blue-footed Booby","Sula nebouxii"
655,"01150","Brown Booby","Sula leucogaster"
658,"01160","Red-footed Booby","Sula sula"
661,"01170","Northern Gannet","Morus bassanus"
664,"01220","Brandt's Cormorant","Phalacrocorax penicillatus"
667,"01210","Neotropic Cormorant","Phalacrocorax brasilianus"
670,"01200","Double-crested Cormorant","Phalacrocorax auritus"
673,"01190","Great Cormorant","Phalacrocorax carbo"
676,"01240","Red-faced Cormorant","Phalacrocorax urile"
679,"01230","Pelagic Cormorant","Phalacrocorax pelagicus"
682,"01207","unid. Cormorant","Phalacrocorax sp."
685,"01180","Anhinga","Anhinga anhinga"
688,"01250","American White Pelican","Pelecanus erythrorhynchos"
691,"01260","Brown Pelican","Pelecanus occidentalis"
694,"01014","Pinnated Bittern","Botaurus pinnatus"
697,"01900","American Bittern","Botaurus lentiginosus"
700,"20270","Yellow Bittern","Ixobrychus sinensis"
703,"01910","Least Bittern","Ixobrychus exilis"
706,"10130","Bare-throated Tiger-Heron","Tigrisoma mexicanum"
709,"01940","Great Blue Heron","Ardea herodias"
712,"01920","Great White Heron","Ardea herodias occidentalis"
715,"01950","Gray Heron","Ardea cinerea"
718,"01960","Great Egret","Ardea alba"
721,"20340","Intermediate Egret","Mesophoyx intermedia"
724,"01962","Chinese Egret","Egretta eulophotes"
727,"01961","Little Egret","Egretta garzetta"
730,"01971","Western Reef-Heron","Egretta gularis"
733,"01970","Snowy Egret","Egretta thula"
736,"02000","Little Blue Heron","Egretta caerulea"
739,"01990","Tricolored Heron","Egretta tricolor"
742,"01980","Reddish Egret","Egretta rufescens"
745,"02001","Cattle Egret","Bubulcus ibis"
751,"02010","Green Heron","Butorides virescens"
754,"10141","Striated Heron","Butorides striata"
757,"10150","Agami Heron","Agamia agami"
760,"02020","Black-crowned Night-Heron","Nycticorax nycticorax"
763,"02030","Yellow-crowned Night-Heron","Nyctanassa violacea"
766,"02035","unid Black-crowned / Yellow-crowned Night-Heron","Nycticorax / Nyctanassa nycticorax / violacea"
769,"10170","Boat-billed Heron","Cochlearius cochlearius"
772,"01945","unid. Heron / Egret","""Ardeid"" sp."
775,"01840","White Ibis","Eudocimus albus"
778,"01850","Scarlet Ibis","Eudocimus ruber"
781,"01860","Glossy Ibis","Plegadis falcinellus"
784,"01870","White-faced Ibis","Plegadis chihi"
787,"01861","unid. Glossy Ibis / White-faced Ibis","Plegadis falcinellus / chihi"
790,"01830","Roseate Spoonbill","Platalea ajaja"
793,"03260","Black Vulture","Coragyps atratus"
796,"03250","Turkey Vulture","Cathartes aura"
799,"10230","Lesser Yellow-headed Vulture","Cathartes burrovianus"
802,"03255","unid. Vulture","""Cathartid"" sp."
805,"03240","California Condor","Gymnogyps californianus"
808,"03261","King Vulture","Sarcoramphus papa"
811,"03640","Osprey","Pandion haliaetus"
814,"10240","Gray-headed Kite","Leptodon cayanensis"
817,"03271","Hook-billed Kite","Chondrohierax uncinatus"
820,"03270","Swallow-tailed Kite","Elanoides forficatus"
823,"03280","White-tailed Kite","Elanus leucurus"
826,"03300","Snail Kite","Rostrhamus sociabilis"
829,"10270","Double-toothed Kite","Harpagus bidentatus"
832,"03290","Mississippi Kite","Ictinia mississippiensis"
835,"10280","Plumbeous Kite","Ictinia plumbea"
841,"03520","Bald Eagle","Haliaeetus leucocephalus"
844,"03510","White-tailed Eagle","Haliaeetus albicilla"
847,"03521","Steller's Sea-Eagle","Haliaeetus pelagicus"
850,"10400","Black-collared Hawk","Busarellus nigricollis"
853,"03310","Northern Harrier","Circus cyaneus"
859,"03320","Sharp-shinned Hawk","Accipiter striatus"
862,"03330","Cooper's Hawk","Accipiter cooperii"
865,"10300","Bicolored Hawk","Accipiter bicolor"
868,"03340","Northern Goshawk","Accipiter gentilis"
871,"03333","unid. Accipiter Hawk","Accipiter sp."
874,"10320","Crane Hawk","Geranospiza caerulescens"
877,"10360","White Hawk","Leucopternis albicollis"
880,"03450","Common Black-Hawk","Buteogallus anthracinus"
883,"10380","Great Black-Hawk","Buteogallus urubitinga"
886,"03350","Harris's Hawk","Parabuteo unicinctus"
889,"10410","Solitary Eagle","Harpyhaliaetus solitarius"
892,"03431","Roadside Hawk","Buteo magnirostris"
895,"03390","Red-shouldered Hawk","Buteo lineatus"
901,"03430","Broad-winged Hawk","Buteo platypterus"
904,"03460","Gray Hawk","Buteo nitidus"
907,"03440","Short-tailed Hawk","Buteo brachyurus"
910,"03420","Swainson's Hawk","Buteo swainsoni"
913,"03410","White-tailed Hawk","Buteo albicaudatus"
916,"03400","Zone-tailed Hawk","Buteo albonotatus"
922,"03370","Red-tailed Hawk","Buteo jamaicensis"
925,"03380","(Harlan's Hawk) Red-tailed Hawk","Buteo jamaicensis harlani"
928,"03480","Ferruginous Hawk","Buteo regalis"
931,"03470","Rough-legged Hawk","Buteo lagopus"
934,"03451","unid. Buteo Hawk","Buteo sp."
937,"10430","Crested Eagle","Morphnus guianensis"
940,"03500","Harpy Eagle","Harpia harpyja"
943,"03490","Golden Eagle","Aquila chrysaetos"
946,"10450","Black Hawk-Eagle","Spizaetus tyrannus"
949,"10460","Ornate Hawk-Eagle","Spizaetus ornatus"
952,"10440","Black-and-white Hawk-Eagle","Spizaetus melanoleucus"
955,"10500","Barred Forest-Falcon","Micrastur ruficollis"
958,"10520","Collared Forest-Falcon","Micrastur semitorquatus"
961,"10470","Red-throated Caracara","Ibycter americanus"
964,"03620","Crested Caracara","Caracara cheriway"
967,"10490","Laughing Falcon","Herpetotheres cachinnans"
970,"03591","Eurasian Kestrel","Falco tinnunculus"
973,"03600","American Kestrel","Falco sparverius"
979,"03570","Merlin","Falco columbarius"
982,"03561","Eurasian Hobby","Falco subbuteo"
985,"03590","Aplomado Falcon","Falco femoralis"
988,"10530","Bat Falcon","Falco rufigularis"
991,"10540","Orange-breasted Falcon","Falco deiroleucus"
994,"03540","Gyrfalcon","Falco rusticolus"
997,"03560","Peregrine Falcon","Falco peregrinus"
1000,"03550","Prairie Falcon","Falco mexicanus"
1003,"10900","Sunbittern","Eurypyga helias"
1006,"02150","Yellow Rail","Coturnicops noveboracensis"
1009,"10800","Ruddy Crake","Laterallus ruber"
1012,"10820","Gray-breasted Crake","Laterallus exilis"
1015,"02160","Black Rail","Laterallus jamaicensis"
1018,"02170","Corn Crake","Crex crex"
1021,"02110","Clapper Rail","Rallus longirostris"
1024,"02080","King Rail","Rallus elegans"
1027,"02090","unid. Clapper / King Rail","Rallus elegans /longirostris"
1030,"02120","Virginia Rail","Rallus limicola"
1033,"10840","Rufous-necked Wood-Rail","Aramides axillaris"
1036,"10830","Gray-necked Wood-Rail","Aramides cajanea"
1039,"10850","Uniform Crake","Amaurolimnas concolor"
1042,"02140","Sora","Porzana carolina"
1045,"10860","Yellow-breasted Crake","Porzana flaviventer"
1048,"02171","Paint-billed Crake","Neocrex erythrops"
1051,"02122","Spotted Rail","Pardirallus maculatus"
1054,"02180","Purple Gallinule","Porphyrio martinica"
1057,"21930","Purple Swamphen","Porphyrio porphyrio"
1060,"02190","Common Gallinule","Gallinula galeata"
1063,"02200","Eurasian Coot","Fulica atra"
1069,"02210","American Coot","Fulica americana"
1072,"02211","Caribbean Coot","Fulica caribaea"
1075,"10890","Sungrebe","Heliornis fulica"
1078,"02070","Limpkin","Aramus guarauna"
1081,"02060","Sandhill Crane","Grus canadensis"
1084,"02061","Common Crane","Grus grus"
1087,"02040","Whooping Crane","Grus americana"
1090,"02692","Double-striped Thick-knee","Burhinus bistriatus"
1093,"02690","Northern Lapwing","Vanellus vanellus"
1096,"10910","Southern Lapwing","Vanellus chilensis"
1099,"02700","Black-bellied Plover","Pluvialis squatarola"
1105,"02720","American Golden-Plover","Pluvialis dominica"
1108,"02721","Pacific Golden-Plover","Pluvialis fulva"
1111,"02722","unid. Golden-Plover","Pluvialis apricaria / dominica / fulva"
1114,"02790","Lesser Sand-Plover","Charadrius mongolus"
1120,"10920","Collared Plover","Charadrius collaris"
1123,"02780","Snowy Plover","Charadrius nivosus"
1126,"02800","Wilson's Plover","Charadrius wilsonia"
1129,"02750","Common Ringed Plover","Charadrius hiaticula"
1132,"02740","Semipalmated Plover","Charadrius semipalmatus"
1135,"02770","Piping Plover","Charadrius melodus"
1141,"02730","Killdeer","Charadrius vociferus"
1144,"02810","Mountain Plover","Charadrius montanus"
1147,"02691","Eurasian Dotterel","Charadrius morinellus"
1153,"02860","American Oystercatcher","Haematopus palliatus"
1156,"02870","Black Oystercatcher","Haematopus bachmani"
1162,"02260","Black-necked Stilt","Himantopus mexicanus"
1165,"02250","American Avocet","Recurvirostra americana"
1168,"02880","Northern Jacana","Jacana spinosa"
1171,"02632","Terek Sandpiper","Xenus cinereus"
1174,"02631","Common Sandpiper","Actitis hypoleucos"
1177,"02630","Spotted Sandpiper","Actitis macularius"
1183,"02560","Solitary Sandpiper","Tringa solitaria"
1186,"02591","Gray-tailed Tattler","Tringa brevipes"
1189,"02590","Wandering Tattler","Tringa incana"
1192,"02532","Spotted Redshank","Tringa erythropus"
1195,"02540","Greater Yellowlegs","Tringa melanoleuca"
1198,"02530","Common Greenshank","Tringa nebularia"
1201,"02580","Willet","Tringa semipalmata"
1204,"02550","Lesser Yellowlegs","Tringa flavipes"
1207,"02555","unid. Greater Yellowlegs / Lesser Yellowlegs","Tringa melanoleuca / flavipes"
1213,"02571","Wood Sandpiper","Tringa glareola"
1219,"02610","Upland Sandpiper","Bartramia longicauda"
1225,"02660","Eskimo Curlew","Numenius borealis"
1228,"02650","Whimbrel","Numenius phaeopus"
1231,"02680","Bristle-thighed Curlew","Numenius tahitiensis"
1234,"02641","Far Eastern Curlew","Numenius madagascariensis"
1243,"02640","Long-billed Curlew","Numenius americanus"
1246,"02520","Black-tailed Godwit","Limosa limosa"
1249,"02510","Hudsonian Godwit","Limosa haemastica"
1252,"02500","Bar-tailed Godwit","Limosa lapponica"
1255,"02490","Marbled Godwit","Limosa fedoa"
1258,"02830","Ruddy Turnstone","Arenaria interpres"
1261,"02840","Black Turnstone","Arenaria melanocephala"
1264,"02820","Surfbird","Aphriza virgata"
1267,"02341","Great Knot","Calidris tenuirostris"
1270,"02340","Red Knot","Calidris canutus"
1273,"02480","Sanderling","Calidris alba"
1276,"02460","Semipalmated Sandpiper","Calidris pusilla"
1279,"02470","Western Sandpiper","Calidris mauri"
1282,"02422","Red-necked Stint","Calidris ruficollis"
1285,"02423","Little Stint","Calidris minuta"
1288,"02411","Temminck's Stint","Calidris temminckii"
1291,"02421","Long-toed Stint","Calidris subminuta"
1294,"02420","Least Sandpiper","Calidris minutilla"
1297,"02400","White-rumped Sandpiper","Calidris fuscicollis"
1300,"02410","Baird's Sandpiper","Calidris bairdii"
1303,"02429","unid. small ''peep'' sandpiper","Calidris sp."
1306,"02390","Pectoral Sandpiper","Calidris melanotos"
1309,"02380","Sharp-tailed Sandpiper","Calidris acuminata"
1312,"02350","Purple Sandpiper","Calidris maritima"
1315,"02356","Rock Sandpiper","Calidris ptilocnemis"
1318,"02430","Dunlin","Calidris alpina"
1321,"02440","Curlew Sandpiper","Calidris ferruginea"
1324,"02330","Stilt Sandpiper","Calidris himantopus"
1333,"02620","Buff-breasted Sandpiper","Tryngites subruficollis"
1336,"02600","Ruff","Philomachus pugnax"
1339,"02310","Short-billed Dowitcher","Limnodromus griseus"
1342,"02320","Long-billed Dowitcher","Limnodromus scolopaceus"
1345,"02327","unid. Short-billed / Long-billed Dowitcher","Limnodromus griseus / scolopaceus"
1351,"02300","Wilson's Snipe","Gallinago delicata"
1366,"02280","American Woodcock","Scolopax minor"
1369,"02240","Wilson's Phalarope","Phalaropus tricolor"
1372,"02230","Red-necked Phalarope","Phalaropus lobatus"
1375,"02220","Red Phalarope","Phalaropus fulicarius"
1384,"00400","Black-legged Kittiwake","Rissa tridactyla"
1387,"00410","Red-legged Kittiwake","Rissa brevirostris"
1390,"00390","Ivory Gull","Pagophila eburnea"
1393,"00620","Sabine's Gull","Xema sabini"
1396,"00600","Bonaparte's Gull","Chroicocephalus philadelphia"
1399,"00551","Black-headed Gull","Chroicocephalus ridibundus"
1402,"00601","Little Gull","Hydrocoloeus minutus"
1405,"00610","Ross's Gull","Rhodostethia rosea"
1408,"10940","Gray Gull","Leucophaeus modestus"
1411,"00580","Laughing Gull","Leucophaeus atricilla"
1414,"00590","Franklin's Gull","Leucophaeus pipixcan"
1417,"00542","Belcher's Gull","Larus belcheri"
1420,"00541","Black-tailed Gull","Larus crassirostris"
1423,"00570","Heermann's Gull","Larus heermanni"
1426,"00550","Mew Gull","Larus canus"
1429,"00540","Ring-billed Gull","Larus delawarensis"
1432,"00490","Western Gull","Larus occidentalis"
1435,"00491","Yellow-footed Gull","Larus livens"
1438,"00530","California Gull","Larus californicus"
1441,"00510","Herring Gull","Larus argentatus"
1447,"00431","Thayer's Gull","Larus thayeri"
1450,"00430","Iceland Gull","Larus glaucoides"
1453,"00500","Lesser Black-backed Gull","Larus fuscus"
1456,"00480","Slaty-backed Gull","Larus schistisagus"
1459,"00440","Glaucous-winged Gull","Larus glaucescens"
1462,"00495","hybrid Western Gull x Glaucous-winged Gull","Larus  occidentalis x glaucescensX"
1465,"00420","Glaucous Gull","Larus hyperboreus"
1468,"00470","Great Black-backed Gull","Larus marinus"
1471,"51540","Kelp Gull","Larus dominicanus"
1474,"00534","unid. Gull","""Gull"" sp."
1477,"00790","Brown Noddy","Anous stolidus"
1480,"00791","Black Noddy","Anous minutus"
1486,"00793","White Tern","Gygis alba"
1489,"00750","Sooty Tern","Onychoprion fuscatus"
1495,"00760","Bridled Tern","Onychoprion anaethetus"
1498,"00730","Aleutian Tern","Onychoprion aleuticus"
1504,"00740","Least Tern","Sternula antillarum"
1507,"10960","Large-billed Tern","Phaetusa simplex"
1510,"00630","Gull-billed Tern","Gelochelidon nilotica"
1513,"00640","Caspian Tern","Hydroprogne caspia"
1516,"00770","Black Tern","Chlidonias niger"
1525,"00720","Roseate Tern","Sterna dougallii"
1528,"00700","Common Tern","Sterna hirundo"
1531,"00710","Arctic Tern","Sterna paradisaea"
1534,"00690","Forster's Tern","Sterna forsteri"
1537,"00650","Royal Tern","Thalasseus maximus"
1543,"00670","Sandwich Tern","Thalasseus sandvicensis"
1546,"00660","Elegant Tern","Thalasseus elegans"
1549,"00634","unid. Tern","""Tern"" sp."
1552,"00800","Black Skimmer","Rynchops niger"
1555,"00350","Great Skua","Stercorarius skua"
1558,"00352","South Polar Skua","Stercorarius maccormicki"
1561,"00360","Pomarine Jaeger","Stercorarius pomarinus"
1564,"00370","Parasitic Jaeger","Stercorarius parasiticus"
1567,"00380","Long-tailed Jaeger","Stercorarius longicaudus"
1570,"00387","unid. Jaeger","Stercorarius sp."
1573,"00340","Dovekie","Alle alle"
1576,"00300","Common Murre","Uria aalge"
1579,"00310","Thick-billed Murre","Uria lomvia"
1582,"00315","unid. Common Murre / Thick-billed Murre","Uria aalge / lomvia"
1585,"00320","Razorbill","Alca torda"
1588,"00270","Black Guillemot","Cepphus grylle"
1591,"00290","Pigeon Guillemot","Cepphus columba"
1597,"00230","Marbled Murrelet","Brachyramphus marmoratus"
1600,"00240","Kittlitz's Murrelet","Brachyramphus brevirostris"
1603,"00250","Xantus's Murrelet","Synthliboramphus hypoleucus"
1606,"00260","Craveri's Murrelet","Synthliboramphus craveri"
1609,"00210","Ancient Murrelet","Synthliboramphus antiquus"
1612,"00160","Cassin's Auklet","Ptychoramphus aleuticus"
1615,"00170","Parakeet Auklet","Aethia psittacula"
1618,"00200","Least Auklet","Aethia pusilla"
1621,"00190","Whiskered Auklet","Aethia pygmaea"
1624,"00180","Crested Auklet","Aethia cristatella"
1627,"00150","Rhinoceros Auklet","Cerorhinca monocerata"
1630,"00130","Atlantic Puffin","Fratercula arctica"
1633,"00140","Horned Puffin","Fratercula corniculata"
1636,"00120","Tufted Puffin","Fratercula cirrhata"
1642,"03131","Rock Pigeon","Columba livia"
1645,"10970","Pale-vented Pigeon","Patagioenas cayennensis"
1648,"10980","Scaled Pigeon","Patagioenas speciosa"
1651,"03141","Scaly-naped Pigeon","Patagioenas squamosa"
1654,"03140","White-crowned Pigeon","Patagioenas leucocephala"
1657,"03130","Red-billed Pigeon","Patagioenas flavirostris"
1660,"10990","Plain Pigeon","Patagioenas inornata"
1663,"03120","Band-tailed Pigeon","Patagioenas fasciata"
1666,"11020","Short-billed Pigeon","Patagioenas nigrirostris"
1672,"03152","African Collared-Dove (a.k.a. Ringed Turtle-Dove)","Streptopelia roseogrisea"
1678,"22860","Eurasian Collared-Dove","Streptopelia decaocto"
1681,"03151","Spotted Dove","Streptopelia chinensis"
1687,"03190","White-winged Dove","Zenaida asiatica"
1690,"03170","Zenaida Dove","Zenaida aurita"
1693,"03160","Mourning Dove","Zenaida macroura"
1696,"11040","Socorro Dove","Zenaida graysoni"
1699,"03210","Inca Dove","Columbina inca"
1702,"03200","Common Ground-Dove","Columbina passerina"
1705,"11050","Plain-breasted Ground-Dove","Columbina minuta"
1708,"03201","Ruddy Ground-Dove","Columbina talpacoti"
1711,"11060","Blue Ground-Dove","Claravis pretiosa"
1714,"11070","Maroon-chested Ground-Dove","Claravis mondetoura"
1717,"03180","White-tipped Dove","Leptotila verreauxi"
1720,"11081","Gray-headed Dove","Leptotila plumbeiceps"
1723,"11090","Caribbean Dove","Leptotila jamaicensis"
1726,"11100","Gray-chested Dove","Leptotila cassini"
1729,"03220","Key West Quail-Dove","Geotrygon chrysia"
1732,"11120","Bridled Quail-Dove","Geotrygon mystacea"
1735,"11130","White-faced Quail-Dove","Geotrygon albifacies"
1738,"11140","Tuxtla Quail-Dove","Geotrygon carrikeri"
1741,"03221","Ruddy Quail-Dove","Geotrygon montana"
1744,"81650","Cockatiel","Nymphicus hollandicus"
1747,"03822","Budgerigar","Melopsittacus undulatus"
1750,"03823","Rose-ringed Parakeet","Psittacula krameri"
1753,"61970","Rosy-faced Lovebird","Agapornis roseicollis"
1756,"51830","Nanday (Black-hooded) Parakeet","Nandayus nenday"
1759,"51780","Green-cheeked Parakeet","Pyrrhura molinae"
1762,"03824","Monk Parakeet","Myiopsitta monachus"
1765,"41070","Blue-crowned Parakeet","Aratinga acuticaudata"
1768,"11230","Green Parakeet","Aratinga holochlora"
1771,"11240","Pacific Parakeet","Aratinga strenua"
1774,"51850","Mitred Parakeet","Aratinga mitrata"
1777,"51860","Red-masked Parakeet","Aratinga erythrogenys"
1780,"41080","White-eyed Parakeet","Aratinga leucophthalma"
1783,"41110","Dusky-headed Parakeet","Aratinga weddellii"
1786,"11260","Hispaniolan Parakeet","Aratinga chloroptera"
1789,"11280","Olive-throated Parakeet","Aratinga nana"
1792,"11290","Orange-fronted Parakeet","Aratinga canicularis"
1795,"11300","Brown-throated Parakeet","Aratinga pertinax"
1798,"11310","Chestnut-fronted Macaw","Ara severus"
1801,"11320","Military Macaw","Ara militaris"
1804,"11350","Scarlet Macaw","Ara macao"
1807,"11371","Blue-and-yellow Macaw","Ara ararauna"
1810,"03821","Thick-billed Parrot","Rhynchopsitta pachyrhyncha"
1813,"11380","Maroon-fronted Parrot","Rhynchopsitta terrisi"
1816,"11390","Barred Parakeet","Bolborhynchus lineola"
1819,"11410","Mexican Parrotlet","Forpus cyanopygius"
1822,"11430","Orange-chinned Parakeet","Brotogeris jugularis"
1825,"03825","White-winged Parakeet","Brotogeris versicolurus"
1828,"52021","Yellow-chevroned Parakeet","Brotogeris chiriri"
1831,"03827","unid. Brotogeris Parakeet","Brotogeris sp."
1834,"11470","Brown-hooded Parrot","Pyrilia haematotis"
1837,"11490","White-crowned Parrot","Pionus senilis"
1840,"11500","White-fronted Parrot","Amazona albifrons"
1843,"11510","Yellow-lored Parrot","Amazona xantholora"
1846,"11540","Hispaniolan Parrot","Amazona ventralis"
1849,"11550","Puerto Rican Parrot","Amazona vittata"
1852,"03826","Red-crowned Parrot","Amazona viridigenalis"
1855,"11570","Lilac-crowned Parrot","Amazona finschi"
1858,"11580","Red-lored Parrot","Amazona autumnalis"
1861,"52170","Blue-fronted Parrot","Amazona aestiva"
1864,"11590","Mealy Parrot","Amazona farinosa"
1867,"41360","Orange-winged Parrot","Amazona amazonica"
1870,"11600","Yellow-headed Parrot","Amazona oratrix"
1873,"11610","Yellow-naped Parrot","Amazona auropalliata"
1876,"11620","Yellow-crowned Parrot","Amazona ochrocephala"
1879,"03882","Common Cuckoo","Cuculus canorus"
1882,"03881","Oriental Cuckoo","Cuculus optatus"
1885,"11740","Squirrel Cuckoo","Piaya cayana"
1891,"03870","Yellow-billed Cuckoo","Coccyzus americanus"
1894,"03860","Mangrove Cuckoo","Coccyzus minor"
1897,"03880","Black-billed Cuckoo","Coccyzus erythropthalmus"
1900,"03875","unid. Cuckoo","Coccyzus sp."
1903,"11690","Puerto Rican Lizard-Cuckoo","Coccyzus vieilloti"
1906,"11760","Striped Cuckoo","Tapera naevia"
1909,"11770","Pheasant Cuckoo","Dromococcyx phasianellus"
1912,"11780","Lesser Ground-Cuckoo","Morococcyx erythropygus"
1915,"11790","Lesser Roadrunner","Geococcyx velox"
1918,"03850","Greater Roadrunner","Geococcyx californianus"
1921,"03830","Smooth-billed Ani","Crotophaga ani"
1924,"03840","Groove-billed Ani","Crotophaga sulcirostris"
1927,"03650","Barn Owl","Tyto alba"
1930,"03740","Flammulated Owl","Otus flammeolus"
1933,"03741","Oriental Scops-Owl","Otus sunia"
1936,"03732","Western Screech-Owl","Megascops kennicottii"
1939,"03730","Eastern Screech-Owl","Megascops asio"
1942,"11830","Balsas Screech-Owl","Megascops seductus"
1945,"11840","Pacific Screech-Owl","Megascops cooperi"
1948,"03731","Whiskered Screech-Owl","Megascops trichopsis"
1951,"11870","Bearded Screech-Owl","Megascops barbarus"
1954,"11851","Vermiculated Screech-Owl","Megascops guatemalae"
1957,"11890","Puerto Rican Screech-Owl","Megascops nudipes"
1960,"03737","unid. Screech-Owl","Megascops sp."
1963,"11910","Crested Owl","Lophostrix cristata"
1966,"11920","Spectacled Owl","Pulsatrix perspicillata"
1969,"03750","Great Horned Owl","Bubo virginianus"
1972,"03760","Snowy Owl","Bubo scandiacus"
1975,"03770","Northern Hawk Owl","Surnia ulula"
1978,"03790","Northern Pygmy-Owl","Glaucidium gnoma"
1981,"11940","Central American Pygmy-Owl","Glaucidium griseiceps"
1984,"11950","Tamaulipas Pygmy-Owl","Glaucidium sanchezi"
1987,"11960","Colima Pygmy-Owl","Glaucidium palmarum"
1990,"03800","Ferruginous Pygmy-Owl","Glaucidium brasilianum"
1993,"03810","Elf Owl","Micrathene whitneyi"
1996,"03780","Burrowing Owl","Athene cunicularia"
1999,"03671","Mottled Owl","Ciccaba virgata"
2002,"11970","Black-and-white Owl","Ciccaba nigrolineata"
2005,"03690","Spotted Owl","Strix occidentalis"
2008,"03680","Barred Owl","Strix varia"
2011,"11980","Fulvous Owl","Strix fulvescens"
2014,"03700","Great Gray Owl","Strix nebulosa"
2017,"03660","Long-eared Owl","Asio otus"
2020,"11990","Stygian Owl","Asio stygius"
2023,"03670","Short-eared Owl","Asio flammeus"
2026,"12000","Striped Owl","Pseudoscops clamator"
2029,"03710","Boreal Owl","Aegolius funereus"
2032,"03720","Northern Saw-whet Owl","Aegolius acadicus"
2035,"12020","Unspotted Saw-whet Owl","Aegolius ridgwayi"
2041,"12030","Short-tailed Nighthawk","Lurocalis semitorquatus"
2044,"04210","Lesser Nighthawk","Chordeiles acutipennis"
2047,"04200","Common Nighthawk","Chordeiles minor"
2050,"04201","Antillean Nighthawk","Chordeiles gundlachii"
2053,"04205","unid. Nighthawk","Chordeiles sp."
2056,"04190","Common Pauraque","Nyctidromus albicollis"
2059,"04180","Common Poorwill","Phalaenoptilus nuttallii"
2062,"12060","Eared Poorwill","Nyctiphrynus mcleodii"
2065,"12070","Yucatan Poorwill","Nyctiphrynus yucatanicus"
2068,"04160","Chuck-will's-widow","Caprimulgus carolinensis"
2071,"12120","Tawny-collared Nightjar","Caprimulgus salvini"
2074,"12121","Yucatan Nightjar","Caprimulgus badius"
2077,"04161","Buff-collared Nightjar","Caprimulgus ridgwayi"
2080,"04171","Eastern Whip-poor-will","Caprimulgus vociferus"
2083,"04172","Mexican Whip-poor-will","Caprimulgus arizonae"
2086,"04170","unid. Mexican / Eastern Whip-poor-will","Caprimulgus vociferus / arizonae"
2089,"12130","Puerto Rican Nightjar","Caprimulgus noctitherus"
2092,"12150","White-tailed Nightjar","Caprimulgus cayennensis"
2095,"12160","Spot-tailed Nightjar","Caprimulgus maculicaudus"
2098,"04162","Gray Nightjar","Caprimulgus indicus"
2101,"12170","Great Potoo","Nyctibius grandis"
2104,"12180","Northern Potoo","Nyctibius jamaicensis"
2107,"04220","Black Swift","Cypseloides niger"
2110,"12210","White-fronted Swift","Cypseloides storeri"
2113,"12220","Chestnut-collared Swift","Streptoprocne rutila"
2116,"04221","White-collared Swift","Streptoprocne zonaris"
2119,"12230","White-naped Swift","Streptoprocne semicollaris"
2122,"04230","Chimney Swift","Chaetura pelagica"
2125,"04240","Vaux's Swift","Chaetura vauxi"
2128,"04222","White-throated Needletail","Hirundapus caudacutus"
2134,"04242","Common Swift","Apus apus"
2137,"04241","Fork-tailed Swift","Apus pacificus"
2143,"04250","White-throated Swift","Aeronautes saxatalis"
2146,"12310","Lesser Swallow-tailed Swift","Panyptila cayennensis"
2149,"12320","Great Swallow-tailed Swift","Panyptila sanctihieronymi"
2152,"04251","Antillean Palm-Swift","Tachornis phoenicobia"
2155,"12370","Long-billed Hermit","Phaethornis longirostris"
2158,"12390","Stripe-throated Hermit","Phaethornis striigularis"
2161,"12430","Scaly-breasted Hummingbird","Phaeochroa cuvierii"
2164,"12440","Wedge-tailed Sabrewing","Campylopterus curvipennis"
2167,"12450","Long-tailed Sabrewing","Campylopterus excellens"
2170,"12460","Rufous Sabrewing","Campylopterus rufus"
2173,"12470","Violet Sabrewing","Campylopterus hemileucurus"
2176,"12480","White-necked Jacobin","Florisuga mellivora"
2179,"04271","Green Violetear","Colibri thalassinus"
2182,"12500","Green-breasted Mango","Anthracothorax prevostii"
2185,"12530","Antillean Mango","Anthracothorax dominicus"
2188,"12540","Green Mango","Anthracothorax viridis"
2194,"12560","Green-throated Carib","Eulampis holosericeus"
2197,"12570","Antillean Crested Hummingbird","Orthorhyncus cristatus"
2200,"12590","Emerald-chinned Hummingbird","Abeillia abeillei"
2203,"12601","Short-crested Coquette","Lophornis brachylophus"
2206,"12610","Black-crested Coquette","Lophornis helenae"
2209,"12641","Golden-crowned Emerald","Chlorostilbon auriceps"
2212,"12642","Cozumel Emerald","Chlorostilbon forficatus"
2215,"12640","Canivet's Emerald","Chlorostilbon canivetii"
2218,"12680","Puerto Rican Emerald","Chlorostilbon maugaeus"
2221,"12690","Dusky Hummingbird","Cynanthus sordidus"
2224,"04410","Broad-billed Hummingbird","Cynanthus latirostris"
2227,"12710","Mexican Woodnymph","Thalurania ridgwayi"
2230,"12760","Blue-throated Goldentail","Hylocharis eliciae"
2233,"04401","White-eared Hummingbird","Hylocharis leucotis"
2236,"04400","Xantus's Hummingbird","Hylocharis xantusii"
2239,"12800","White-bellied Emerald","Amazilia candida"
2242,"12850","Azure-crowned Hummingbird","Amazilia cyanocephala"
2245,"04381","Berylline Hummingbird","Amazilia beryllina"
2248,"12870","Blue-tailed Hummingbird","Amazilia cyanura"
2251,"04380","Rufous-tailed Hummingbird","Amazilia tzacatl"
2254,"04390","Buff-bellied Hummingbird","Amazilia yucatanensis"
2257,"12900","Cinnamon Hummingbird","Amazilia rutila"
2260,"04391","Violet-crowned Hummingbird","Amazilia violiceps"
2263,"12910","Green-fronted Hummingbird","Amazilia viridifrons"
2266,"12920","Stripe-tailed Hummingbird","Eupherusa eximia"
2269,"12930","Blue-capped Hummingbird","Eupherusa cyanophrys"
2272,"12940","White-tailed Hummingbird","Eupherusa poliocerca"
2275,"13010","Green-throated Mountain-gem","Lampornis viridipallens"
2278,"13030","Amethyst-throated Hummingbird","Lampornis amethystinus"
2281,"04270","Blue-throated Hummingbird","Lampornis clemenciae"
2284,"13070","Garnet-throated Hummingbird","Lamprolaima rhami"
2287,"04260","Magnificent Hummingbird","Eugenes fulgens"
2290,"13100","Purple-crowned Fairy","Heliothryx barroti"
2293,"13110","Long-billed Starthroat","Heliomaster longirostris"
2296,"04261","Plain-capped Starthroat","Heliomaster constantii"
2299,"04371","Bahama Woodstar","Calliphlox evelynae"
2302,"13130","Slender Sheartail","Doricha enicura"
2305,"13140","Mexican Sheartail","Doricha eliza"
2308,"13150","Sparkling-tailed Hummingbird","Tilmatura dupontii"
2311,"04370","Lucifer Hummingbird","Calothorax lucifer"
2314,"13160","Beautiful Hummingbird","Calothorax pulcher"
2317,"04280","Ruby-throated Hummingbird","Archilochus colubris"
2320,"04290","Black-chinned Hummingbird","Archilochus alexandri"
2323,"04295","unid. Ruby-throated / Black-chinned Hummingbird","Archilochus colubris / alexandri"
2329,"04310","Anna's Hummingbird","Calypte anna"
2332,"04300","Costa's Hummingbird","Calypte costae"
2335,"04360","Calliope Hummingbird","Stellula calliope"
2338,"04350","Bumblebee Hummingbird","Atthis heloisa"
2341,"13190","Wine-throated Hummingbird","Atthis ellioti"
2344,"04320","Broad-tailed Hummingbird","Selasphorus platycercus"
2347,"04330","Rufous Hummingbird","Selasphorus rufus"
2350,"04340","Allen's Hummingbird","Selasphorus sasin"
2353,"04335","unid. Rufous Hummingbird / Allen's Hummingbird","Selasphorus rufus / sasin"
2356,"04402","unid. Hummingbird","""Trochilid"" sp."
2359,"13360","Slaty-tailed Trogon","Trogon massena"
2362,"13260","Black-headed Trogon","Trogon melanocephalus"
2365,"13270","Citreoline Trogon","Trogon citreolus"
2368,"13300","Gartered Trogon","Trogon caligatus"
2371,"03890","Elegant Trogon","Trogon elegans"
2374,"13310","Mountain Trogon","Trogon mexicanus"
2377,"13320","Collared Trogon","Trogon collaris"
2380,"03891","Eared Quetzal","Euptilotis neoxenus"
2383,"13390","Resplendent Quetzal","Pharomachrus mocinno"
2386,"03911","Eurasian Hoopoe","Upupa epops"
2389,"13440","Puerto Rican Tody","Todus mexicanus"
2392,"13450","Tody Motmot","Hylomanes momotula"
2395,"13460","Blue-throated Motmot","Aspatha gularis"
2398,"13480","Russet-crowned Motmot","Momotus mexicanus"
2401,"13470","Blue-crowned Motmot","Momotus momota"
2404,"13500","Keel-billed Motmot","Electron carinatum"
2407,"13520","Turquoise-browed Motmot","Eumomota superciliosa"
2410,"03901","Ringed Kingfisher","Megaceryle torquata"
2413,"03900","Belted Kingfisher","Megaceryle alcyon"
2416,"13530","Amazon Kingfisher","Chloroceryle amazona"
2419,"03910","Green Kingfisher","Chloroceryle americana"
2422,"13550","American Pygmy Kingfisher","Chloroceryle aenea"
2425,"13570","White-necked Puffbird","Notharchus hyperrhynchus"
2428,"13600","White-whiskered Puffbird","Malacoptila panamensis"
2431,"13650","Rufous-tailed Jacamar","Galbula ruficauda"
2434,"13700","Emerald Toucanet","Aulacorhynchus prasinus"
2437,"13710","Collared Aracari","Pteroglossus torquatus"
2440,"13740","Keel-billed Toucan","Ramphastos sulfuratus"
2443,"04151","Eurasian Wryneck","Jynx torquilla"
2446,"04080","Lewis's Woodpecker","Melanerpes lewis"
2449,"13790","Puerto Rican Woodpecker","Melanerpes portoricensis"
2452,"04060","Red-headed Woodpecker","Melanerpes erythrocephalus"
2455,"04070","Acorn Woodpecker","Melanerpes formicivorus"
2458,"13810","Black-cheeked Woodpecker","Melanerpes pucherani"
2461,"13840","Golden-cheeked Woodpecker","Melanerpes chrysogenys"
2464,"13850","Gray-breasted Woodpecker","Melanerpes hypopolius"
2467,"13860","Yucatan Woodpecker","Melanerpes pygmaeus"
2470,"04110","Gila Woodpecker","Melanerpes uropygialis"
2473,"04100","Golden-fronted Woodpecker","Melanerpes aurifrons"
2476,"04090","Red-bellied Woodpecker","Melanerpes carolinus"
2479,"04040","Williamson's Sapsucker","Sphyrapicus thyroideus"
2482,"04020","Yellow-bellied Sapsucker","Sphyrapicus varius"
2485,"04021","Red-naped Sapsucker","Sphyrapicus nuchalis"
2488,"04030","Red-breasted Sapsucker","Sphyrapicus ruber"
2491,"04031","hybrid Red-naped x Red-breasted Sapsucker","Sphyrapicus nuchalis x ruber"
2494,"04032","unid. Yellow-bellied Sapsucker Complex","Sphyrapicus varius / nuchalis / ruber"
2497,"04022","unid. Sapsucker","Sphyrapicus sp."
2503,"03960","Ladder-backed Woodpecker","Picoides scalaris"
2506,"03970","Nuttall's Woodpecker","Picoides nuttallii"
2509,"03940","Downy Woodpecker","Picoides pubescens"
2512,"03930","Hairy Woodpecker","Picoides villosus"
2515,"03975","Arizona Woodpecker","Picoides arizonae"
2518,"03980","Strickland's Woodpecker","Picoides stricklandi"
2521,"03950","Red-cockaded Woodpecker","Picoides borealis"
2524,"03990","White-headed Woodpecker","Picoides albolarvatus"
2527,"04010","American Three-toed Woodpecker","Picoides dorsalis"
2530,"04000","Black-backed Woodpecker","Picoides arcticus"
2533,"13910","Smoky-brown Woodpecker","Veniliornis fumigatus"
2536,"13950","Golden-olive Woodpecker","Colaptes rubiginosus"
2539,"13960","Gray-crowned Woodpecker","Colaptes auricularis"
2542,"04120","(Yellow-shafted Flicker) Northern Flicker","Colaptes auratus auratus"
2545,"04130","(Red-shafted Flicker) Northern Flicker","Colaptes auratus cafer"
2548,"04123","(unid. Red/Yellow Shafted) Northern Flicker","Colaptes auratus"
2551,"04125","hybrid Northern Flicker (Red x Yellow-shafted)","Colaptes auratus auratus x auratus cafer"
2554,"04140","Gilded Flicker","Colaptes chrysoides"
2557,"14000","Chestnut-colored Woodpecker","Celeus castaneus"
2560,"14010","Lineated Woodpecker","Dryocopus lineatus"
2563,"04050","Pileated Woodpecker","Dryocopus pileatus"
2566,"03920","unid. Woodpecker","""Woodpecker"" sp."
2569,"14040","Pale-billed Woodpecker","Campephilus guatemalensis"
2572,"14050","Imperial Woodpecker","Campephilus imperialis"
2575,"14500","Great Antshrike","Taraba major"
2578,"14510","Barred Antshrike","Thamnophilus doliatus"
2581,"14560","Russet Antshrike","Thamnistes anabatinus"
2584,"14570","Plain Antvireo","Dysithamnus mentalis"
2587,"14640","Slaty Antwren","Myrmotherula schisticolor"
2590,"14660","Dot-winged Antwren","Microrhopias quixensis"
2593,"14690","Dusky Antbird","Cercomacra tyrannina"
2596,"14840","Scaled Antpitta","Grallaria guatimalensis"
2599,"14800","Black-faced Antthrush","Formicarius analis"
2602,"14260","Tawny-throated Leaftosser","Sclerurus mexicanus"
2605,"14280","Scaly-throated Leaftosser","Sclerurus guatemalensis"
2608,"14080","Rufous-breasted Spinetail","Synallaxis erythrothorax"
2611,"14180","Scaly-throated Foliage-gleaner","Anabacerthia variegaticeps"
2614,"14210","Buff-throated Foliage-gleaner","Automolus ochrolaemus"
2617,"14220","Ruddy Foliage-gleaner","Automolus rubiginosus"
2620,"14240","Plain Xenops","Xenops minutus"
2623,"14310","Tawny-winged Woodcreeper","Dendrocincla anabatina"
2626,"14320","Ruddy Woodcreeper","Dendrocincla homochroa"
2629,"14330","Olivaceous Woodcreeper","Sittasomus griseicapillus"
2632,"14350","Wedge-billed Woodcreeper","Glyphorynchus spirurus"
2635,"14360","Strong-billed Woodcreeper","Xiphocolaptes promeropirhynchus"
2638,"14370","Northern Barred-Woodcreeper","Dendrocolaptes sanctithomae"
2641,"14380","Black-banded Woodcreeper","Dendrocolaptes picumnus"
2644,"14410","Ivory-billed Woodcreeper","Xiphorhynchus flavigaster"
2647,"14430","Spotted Woodcreeper","Xiphorhynchus erythropygius"
2650,"14440","White-striped Woodcreeper","Lepidocolaptes leucogaster"
2653,"14450","Streak-headed Woodcreeper","Lepidocolaptes souleyetii"
2656,"14460","Spot-crowned Woodcreeper","Lepidocolaptes affinis"
2659,"14035","unid. Woodcreeper","Dendrocolaptid sp."
2662,"14940","Yellow-bellied Tyrannulet","Ornithion semiflavum"
2665,"04720","Northern Beardless-Tyrannulet","Camptostoma imberbe"
2668,"15030","Greenish Elaenia","Myiopagis viridicata"
2671,"15040","Caribbean Elaenia","Elaenia martinica"
2674,"15050","Yellow-bellied Elaenia","Elaenia flavogaster"
2680,"15110","Ochre-bellied Flycatcher","Mionectes oleagineus"
2683,"15120","Sepia-capped Flycatcher","Leptopogon amaurocephalus"
2686,"14930","Paltry Tyrannulet","Zimmerius vilissimus"
2689,"15210","Northern Bentbill","Oncostoma cinereigulare"
2692,"15230","Slate-headed Tody-Flycatcher","Poecilotriccus sylvia"
2695,"15240","Common Tody-Flycatcher","Todirostrum cinereum"
2698,"15270","Eye-ringed Flatbill","Rhynchocyclus brevirostris"
2701,"15290","Yellow-olive Flycatcher","Tolmomyias sulphurescens"
2704,"15310","Stub-tailed Spadebill","Platyrinchus cancrominus"
2707,"15340","Royal Flycatcher","Onychorhynchus coronatus"
2710,"15350","Ruddy-tailed Flycatcher","Terenotriccus erythrurus"
2713,"15370","Sulphur-rumped Flycatcher","Myiobius sulphureipygius"
2716,"15420","Belted Flycatcher","Xenotriccus callizonus"
2719,"15430","Pileated Flycatcher","Xenotriccus mexicanus"
2722,"15440","Tufted Flycatcher","Mitrephanes phaeocercus"
2725,"04590","Olive-sided Flycatcher","Contopus cooperi"
2728,"04600","Greater Pewee","Contopus pertinax"
2731,"04620","Western Wood-Pewee","Contopus sordidulus"
2734,"04610","Eastern Wood-Pewee","Contopus virens"
2737,"15470","Tropical Pewee","Contopus cinereus"
2746,"15490","Lesser Antillean Pewee","Contopus latirostris"
2749,"04630","Yellow-bellied Flycatcher","Empidonax flaviventris"
2752,"04650","Acadian Flycatcher","Empidonax virescens"
2755,"04661","Alder Flycatcher","Empidonax alnorum"
2758,"04660","Willow Flycatcher","Empidonax traillii"
2761,"04665","unid. Alder Flycatcher / Willow Flycatcher","Empidonax alnorum / traillii"
2764,"15500","White-throated Flycatcher","Empidonax albigularis"
2767,"04670","Least Flycatcher","Empidonax minimus"
2770,"04680","Hammond's Flycatcher","Empidonax hammondii"
2773,"04691","Gray Flycatcher","Empidonax wrightii"
2776,"04690","Dusky Flycatcher","Empidonax oberholseri"
2779,"04689","unid. Hammond's Flycatcher / Dusky Flycatcher","Empidonax hammondii / oberholseri"
2782,"15520","Pine Flycatcher","Empidonax affinis"
2785,"04641","Pacific-slope Flycatcher","Empidonax difficilis"
2788,"04640","Cordilleran Flycatcher","Empidonax occidentalis"
2791,"04642","unid. Cordilleran / Pacific-slope Flycatcher","Empidonax difficilis / occidentalis"
2794,"15530","Yellowish Flycatcher","Empidonax flavescens"
2797,"04700","Buff-breasted Flycatcher","Empidonax fulvifrons"
2800,"04679","unid. Empidonax Flycatcher","Empidonax sp."
2803,"04580","Black Phoebe","Sayornis nigricans"
2806,"04560","Eastern Phoebe","Sayornis phoebe"
2809,"04570","Say's Phoebe","Sayornis saya"
2812,"04710","Vermilion Flycatcher","Pyrocephalus rubinus"
2815,"15580","Bright-rumped Attila","Attila spadiceus"
2818,"15600","Rufous Mourner","Rhytipterna holerythra"
2821,"15620","Yucatan Flycatcher","Myiarchus yucatanensis"
2824,"04550","Dusky-capped Flycatcher","Myiarchus tuberculifer"
2827,"04540","Ash-throated Flycatcher","Myiarchus cinerascens"
2830,"04531","Nutting's Flycatcher","Myiarchus nuttingi"
2833,"04520","Great Crested Flycatcher","Myiarchus crinitus"
2836,"04530","Brown-crested Flycatcher","Myiarchus tyrannulus"
2839,"04551","La Sagra's Flycatcher","Myiarchus sagrae"
2842,"15680","Puerto Rican Flycatcher","Myiarchus antillarum"
2845,"15700","Flammulated Flycatcher","Deltarhynchus flammulatus"
2848,"04490","Great Kiskadee","Pitangus sulphuratus"
2851,"15720","Boat-billed Flycatcher","Megarynchus pitangua"
2854,"04500","Social Flycatcher","Myiozetetes similis"
2857,"15780","Streaked Flycatcher","Myiodynastes maculatus"
2860,"04510","Sulphur-bellied Flycatcher","Myiodynastes luteiventris"
2863,"15790","Piratic Flycatcher","Legatus leucophaius"
2866,"04511","Variegated Flycatcher","Empidonomus varius"
2872,"04460","Tropical Kingbird","Tyrannus melancholicus"
2875,"04461","Couch's Kingbird","Tyrannus couchii"
2878,"04462","unid. Tropical Kingbird / Couch's Kingbird","Tyrannus melancholicus / couchii"
2881,"04480","Cassin's Kingbird","Tyrannus vociferans"
2884,"04451","Thick-billed Kingbird","Tyrannus crassirostris"
2887,"04470","Western Kingbird","Tyrannus verticalis"
2890,"04440","Eastern Kingbird","Tyrannus tyrannus"
2893,"04450","Gray Kingbird","Tyrannus dominicensis"
2896,"04452","Loggerhead Kingbird","Tyrannus caudifasciatus"
2899,"04447","unid. Kingbird","Tyrannus sp."
2902,"04430","Scissor-tailed Flycatcher","Tyrannus forficatus"
2905,"04420","Fork-tailed Flycatcher","Tyrannus savana"
2908,"16010","Thrush-like Schiffornis","Schiffornis turdina"
2911,"15590","Speckled Mourner","Laniocera rufescens"
2914,"15890","Masked Tityra","Tityra semifasciata"
2917,"15900","Black-crowned Tityra","Tityra inquisitor"
2920,"15830","Cinnamon Becard","Pachyramphus cinnamomeus"
2923,"15840","White-winged Becard","Pachyramphus polychopterus"
2926,"15860","Gray-collared Becard","Pachyramphus major"
2929,"04411","Rose-throated Becard","Pachyramphus aglaiae"
2932,"15920","Lovely Cotinga","Cotinga amabilis"
2935,"15910","Rufous Piha","Lipaugus unirufus"
2938,"16050","White-collared Manakin","Manacus candei"
2941,"16090","Long-tailed Manakin","Chiroxiphia linearis"
2944,"16130","Red-capped Manakin","Pipra mentalis"
2947,"06211","Brown Shrike","Lanius cristatus"
2950,"06220","Loggerhead Shrike","Lanius ludovicianus"
2953,"06210","Northern Shrike","Lanius excubitor"
2956,"17260","Slaty Vireo","Vireo brevipennis"
2959,"06310","White-eyed Vireo","Vireo griseus"
2962,"17270","Thick-billed Vireo","Vireo crassirostris"
2965,"17280","Mangrove Vireo","Vireo pallens"
2968,"17290","Cozumel Vireo","Vireo bairdi"
2971,"17330","Puerto Rican Vireo","Vireo latimeri"
2974,"06330","Bell's Vireo","Vireo bellii"
2977,"06300","Black-capped Vireo","Vireo atricapilla"
2980,"17350","Dwarf Vireo","Vireo nelsoni"
2983,"06340","Gray Vireo","Vireo vicinior"
2986,"06280","Yellow-throated Vireo","Vireo flavifrons"
2989,"06292","Plumbeous Vireo","Vireo plumbeus"
2992,"06291","Cassin's Vireo","Vireo cassinii"
2995,"06290","Blue-headed Vireo","Vireo solitarius"
2998,"06295","unid. Plumbeous / Cassin's / Blue-headed Vireo","Vireo plumbeus / cassinii / solitarius"
3001,"06320","Hutton's Vireo","Vireo huttoni"
3004,"17380","Golden Vireo","Vireo hypochryseus"
3007,"06270","Warbling Vireo","Vireo gilvus"
3010,"17390","Brown-capped Vireo","Vireo leucophrys"
3013,"06260","Philadelphia Vireo","Vireo philadelphicus"
3016,"06240","Red-eyed Vireo","Vireo olivaceus"
3019,"06250","Yellow-green Vireo","Vireo flavoviridis"
3022,"06230","Black-whiskered Vireo","Vireo altiloquus"
3025,"06231","Yucatan Vireo","Vireo magister"
3028,"17420","Tawny-crowned Greenlet","Hylophilus ochraceiceps"
3031,"17440","Lesser Greenlet","Hylophilus decurtatus"
3034,"17450","Chestnut-sided Shrike-Vireo","Vireolanius melitophrys"
3037,"17460","Green Shrike-Vireo","Vireolanius pulchellus"
3040,"17480","Rufous-browed Peppershrike","Cyclarhis gujanensis"
3043,"04840","Gray Jay","Perisoreus canadensis"
3046,"16340","White-throated Jay","Cyanolyca mirabilis"
3049,"16320","Dwarf Jay","Cyanolyca nana"
3052,"16310","Black-throated Jay","Cyanolyca pumilo"
3055,"16300","Azure-hooded Jay","Cyanolyca cucullata"
3058,"16230","Black-throated Magpie-Jay","Calocitta colliei"
3061,"16240","White-throated Magpie-Jay","Calocitta formosa"
3064,"04832","Brown Jay","Psilorhinus morio"
3067,"16250","Tufted Jay","Cyanocorax dickeyi"
3070,"04830","Green Jay","Cyanocorax yncas"
3073,"04831","San Blas Jay","Cyanocorax sanblasianus"
3076,"16280","Yucatan Jay","Cyanocorax yucatanicus"
3079,"16290","Purplish-backed Jay","Cyanocorax beecheii"
3082,"04920","Pinyon Jay","Gymnorhinus cyanocephalus"
3085,"04780","Steller's Jay","Cyanocitta stelleri"
3088,"04770","Blue Jay","Cyanocitta cristata"
3091,"04790","Florida Scrub-Jay","Aphelocoma coerulescens"
3094,"04811","Island Scrub-Jay","Aphelocoma insularis"
3097,"04810","Western Scrub-Jay","Aphelocoma californica"
3100,"04821","Transvolcanic Jay","Aphelocoma ultramarina"
3103,"04820","Mexican Jay","Aphelocoma wollweberi"
3106,"16350","Unicolored Jay","Aphelocoma unicolor"
3109,"04910","Clark's Nutcracker","Nucifraga columbiana"
3112,"04750","Black-billed Magpie","Pica hudsonia"
3115,"04760","Yellow-billed Magpie","Pica nuttalli"
3118,"04903","Eurasian Jackdaw","Corvus monedula"
3121,"04880","American Crow","Corvus brachyrhynchos"
3124,"04890","Northwestern Crow","Corvus caurinus"
3127,"16380","White-necked Crow","Corvus leucognaphalus"
3130,"04891","Tamaulipas Crow","Corvus imparatus"
3133,"16351","Sinaloa Crow","Corvus sinaloae"
3136,"04900","Fish Crow","Corvus ossifragus"
3139,"04881","unid. Crow","""Crow"" sp."
3145,"04870","Chihuahuan Raven","Corvus cryptoleucus"
3148,"04860","Common Raven","Corvus corax"
3151,"04865","unid. Raven","""Raven"" sp."
3163,"04730","Sky Lark","Alauda arvensis"
3166,"04740","Horned Lark","Eremophila alpestris"
3169,"06110","Purple Martin","Progne subis"
3172,"06111","Cuban Martin","Progne cryptoleuca"
3175,"06113","Caribbean Martin","Progne dominicensis"
3178,"16160","Sinaloa Martin","Progne sinaloae"
3181,"06112","Gray-breasted Martin","Progne chalybea"
3184,"06114","Southern Martin","Progne elegans"
3187,"06115","Brown-chested Martin","Progne tapera"
3190,"06140","Tree Swallow","Tachycineta bicolor"
3193,"16170","Mangrove Swallow","Tachycineta albilinea"
3196,"06150","Violet-green Swallow","Tachycineta thalassina"
3199,"06151","Bahama Swallow","Tachycineta cyaneoviridis"
3202,"16190","Blue-and-white Swallow","Pygochelidon cyanoleuca"
3205,"16200","Black-capped Swallow","Notiochelidon pileata"
3208,"06170","Northern Rough-winged Swallow","Stelgidopteryx serripennis"
3211,"16220","Southern Rough-winged Swallow","Stelgidopteryx ruficollis"
3214,"06160","Bank Swallow","Riparia riparia"
3217,"06120","Cliff Swallow","Petrochelidon pyrrhonota"
3220,"06121","Cave Swallow","Petrochelidon fulva"
3223,"06122","unid. Cave Swallow / Cliff Swallow","Petrochelidon pyrrhonota / fulva"
3226,"06130","Barn Swallow","Hirundo rustica"
3229,"06152","Common House-Martin","Delichon urbicum"
3232,"07360","Carolina Chickadee","Poecile carolinensis"
3235,"07350","Black-capped Chickadee","Poecile atricapillus"
3238,"07380","Mountain Chickadee","Poecile gambeli"
3241,"07370","Mexican Chickadee","Poecile sclateri"
3244,"07410","Chestnut-backed Chickadee","Poecile rufescens"
3247,"07400","Boreal Chickadee","Poecile hudsonicus"
3250,"07390","Gray-headed Chickadee","Poecile cinctus"
3253,"07351","unid. Chickadee","Poecile sp."
3256,"07340","Bridled Titmouse","Baeolophus wollweberi"
3259,"07330","Oak Titmouse","Baeolophus inornatus"
3262,"07331","Juniper Titmouse","Baeolophus ridgwayi"
3265,"07332","unid. Oak Titmouse / Juniper Titmouse","Baeolophus inornatus / ridgwayi"
3268,"07310","Tufted Titmouse","Baeolophus bicolor"
3271,"07320","Black-crested Titmouse","Baeolophus atricristatus"
3274,"07315","unid. Tufted Titmouse / Black-crested Titmouse","Baeolophus bicolor / atricristatus"
3277,"07460","Verdin","Auriparus flaviceps"
3280,"07430","Bushtit","Psaltriparus minimus"
3283,"07280","Red-breasted Nuthatch","Sitta canadensis"
3286,"07270","White-breasted Nuthatch","Sitta carolinensis"
3289,"07300","Pygmy Nuthatch","Sitta pygmaea"
3292,"07290","Brown-headed Nuthatch","Sitta pusilla"
3295,"07260","Brown Creeper","Certhia americana"
3298,"16420","Band-backed Wren","Campylorhynchus zonatus"
3301,"16430","Gray-barred Wren","Campylorhynchus megalopterus"
3304,"16440","Giant Wren","Campylorhynchus chiapensis"
3307,"16450","Rufous-naped Wren","Campylorhynchus rufinucha"
3310,"16460","Spotted Wren","Campylorhynchus gularis"
3313,"16470","Boucard's Wren","Campylorhynchus jocosus"
3316,"16480","Yucatan Wren","Campylorhynchus yucatanicus"
3319,"07130","Cactus Wren","Campylorhynchus brunneicapillus"
3322,"07150","Rock Wren","Salpinctes obsoletus"
3325,"07170","Canyon Wren","Catherpes mexicanus"
3328,"16490","Sumichrast's Wren","Hylorchilus sumichrasti"
3331,"16500","Nava's Wren","Hylorchilus navai"
3334,"16580","Spot-breasted Wren","Thryothorus maculipectus"
3337,"16590","Rufous-and-white Wren","Thryothorus rufalbus"
3340,"16600","Sinaloa Wren","Thryothorus sinaloa"
3343,"16610","Banded Wren","Thryothorus pleurostictus"
3346,"07180","Carolina Wren","Thryothorus ludovicianus"
3349,"16620","Happy Wren","Thryothorus felix"
3352,"16640","Plain Wren","Thryothorus modestus"
3355,"07190","Bewick's Wren","Thryomanes bewickii"
3358,"07210","House Wren","Troglodytes aedon"
3361,"16650","Socorro Wren","Troglodytes sissonii"
3364,"16670","Clarion Wren","Troglodytes tanneri"
3367,"16680","Rufous-browed Wren","Troglodytes rufociliatus"
3370,"07221","Pacific Wren","Troglodytes pacificus"
3373,"07222","Winter Wren","Troglodytes hiemalis"
3376,"07220","unid. Pacific Wren / Winter Wren","Troglodytes pacificus / hiemalis"
3379,"07240","Sedge Wren","Cistothorus platensis"
3382,"07250","Marsh Wren","Cistothorus palustris"
3385,"16700","White-bellied Wren","Uropsila leucogastra"
3388,"16720","White-breasted Wood-Wren","Henicorhina leucosticta"
3391,"16730","Gray-breasted Wood-Wren","Henicorhina leucophrys"
3394,"16741","Nightingale Wren","Microcerculus philomela"
3397,"16770","Long-billed Gnatwren","Ramphocaenus melanurus"
3400,"07510","Blue-gray Gnatcatcher","Polioptila caerulea"
3403,"07530","California Gnatcatcher","Polioptila californica"
3406,"07520","Black-tailed Gnatcatcher","Polioptila melanura"
3409,"07531","Black-capped Gnatcatcher","Polioptila nigriceps"
3412,"16790","White-lored Gnatcatcher","Polioptila albiloris"
3415,"16800","Tropical Gnatcatcher","Polioptila plumbea"
3418,"07539","unid. Gnatcatcher","Polioptila sp."
3421,"07010","American Dipper","Cinclus mexicanus"
3427,"07261","Red-whiskered Bulbul","Pycnonotus jocosus"
3430,"07480","Golden-crowned Kinglet","Regulus satrapa"
3433,"07490","Ruby-crowned Kinglet","Regulus calendula"
3442,"07473","Wood Warbler","Phylloscopus sibilatrix"
3445,"07474","Dusky Warbler","Phylloscopus fuscatus"
3454,"07470","Arctic Warbler","Phylloscopus borealis"
3460,"07420","Wrentit","Chamaea fasciata"
3481,"07471","Middendorff's Grasshopper-Warbler","Locustella ochotensis"
3484,"07475","Lanceolated Warbler","Locustella lanceolata"
3487,"07730","Gray-streaked Flycatcher","Muscicapa griseisticta"
3496,"07720","Dark-sided Flycatcher","Muscicapa sibirica"
3505,"07641","Siberian Rubythroat","Luscinia calliope"
3508,"07640","Bluethroat","Luscinia svecica"
3517,"26320","Narcissus Flycatcher","Ficedula narcissina"
3520,"07710","Taiga Flycatcher","Ficedula albicilla"
3523,"07650","Northern Wheatear","Oenanthe oenanthe"
3529,"07660","Eastern Bluebird","Sialia sialis"
3532,"07670","Western Bluebird","Sialia mexicana"
3535,"07680","Mountain Bluebird","Sialia currucoides"
3538,"07540","Townsend's Solitaire","Myadestes townsendi"
3541,"16820","Brown-backed Solitaire","Myadestes occidentalis"
3544,"16870","Slate-colored Solitaire","Myadestes unicolor"
3559,"16890","Orange-billed Nightingale-Thrush","Catharus aurantiirostris"
3562,"16910","Russet Nightingale-Thrush","Catharus occidentalis"
3565,"16920","Ruddy-capped Nightingale-Thrush","Catharus frantzii"
3568,"16930","Black-headed Nightingale-Thrush","Catharus mexicanus"
3571,"16940","Spotted Nightingale-Thrush","Catharus dryas"
3574,"07560","Veery","Catharus fuscescens"
3577,"07570","Gray-cheeked Thrush","Catharus minimus"
3580,"07571","Bicknell's Thrush","Catharus bicknelli"
3583,"07580","Swainson's Thrush","Catharus ustulatus"
3586,"07590","Hermit Thrush","Catharus guttatus"
3589,"07550","Wood Thrush","Hylocichla mustelina"
3592,"07611","Eurasian Blackbird","Turdus merula"
3595,"07613","Eyebrowed Thrush","Turdus obscurus"
3598,"07614","Dusky Thrush","Turdus naumanni"
3601,"07612","Fieldfare","Turdus pilaris"
3604,"07600","Redwing","Turdus iliacus"
3610,"16960","Black Thrush","Turdus infuscatus"
3613,"16970","Mountain Thrush","Turdus plebejus"
3616,"07621","Clay-colored Thrush","Turdus grayi"
3619,"17020","White-throated Thrush","Turdus assimilis"
3622,"07622","Rufous-backed Robin","Turdus rufopalliatus"
3625,"17030","Rufous-collared Robin","Turdus rufitorques"
3628,"07610","American Robin","Turdus migratorius"
3631,"17070","Red-legged Thrush","Turdus plumbeus"
3634,"07630","Varied Thrush","Ixoreus naevius"
3637,"07631","Aztec Thrush","Ridgwayia pinicola"
3640,"07040","Gray Catbird","Dumetella carolinensis"
3643,"17090","Black Catbird","Melanoptila glabrirostris"
3646,"07030","Northern Mockingbird","Mimus polyglottos"
3649,"17100","Tropical Mockingbird","Mimus gilvus"
3652,"17110","Socorro Mockingbird","Mimus graysoni"
3655,"07031","Bahama Mockingbird","Mimus gundlachii"
3658,"07020","Sage Thrasher","Oreoscoptes montanus"
3661,"07050","Brown Thrasher","Toxostoma rufum"
3664,"07060","Long-billed Thrasher","Toxostoma longirostre"
3667,"17120","Cozumel Thrasher","Toxostoma guttatum"
3670,"07090","Gray Thrasher","Toxostoma cinereum"
3673,"07080","Bendire's Thrasher","Toxostoma bendirei"
3676,"17130","Ocellated Thrasher","Toxostoma ocellatum"
3679,"07070","Curve-billed Thrasher","Toxostoma curvirostre"
3682,"07100","California Thrasher","Toxostoma redivivum"
3685,"07120","Crissal Thrasher","Toxostoma crissale"
3688,"07110","Le Conte's Thrasher","Toxostoma lecontei"
3691,"17150","Blue Mockingbird","Melanotis caerulescens"
3694,"17160","Blue-and-white Mockingbird","Melanotis hypoleucus"
3697,"17180","Pearly-eyed Thrasher","Margarops fuscatus"
3700,"04930","European Starling","Sturnus vulgaris"
3703,"04932","Common Myna","Acridotheres tristis"
3706,"17520","Hill Myna","Gracula religiosa"
3709,"04931","Crested Myna","Acridotheres cristatellus"
3712,"07491","Siberian Accentor","Prunella montanella"
3715,"06960","Eastern Yellow Wagtail","Motacilla tschutschensis"
3721,"06961","Gray Wagtail","Motacilla cinerea"
3724,"06940","White Wagtail","Motacilla alba"
3727,"06982","Tree Pipit","Anthus trivialis"
3730,"06983","Olive-backed Pipit","Anthus hodgsoni"
3733,"06981","Pechora Pipit","Anthus gustavi"
3736,"06990","Red-throated Pipit","Anthus cervinus"
3739,"06970","American Pipit","Anthus rubescens"
3742,"07000","Sprague's Pipit","Anthus spragueii"
3745,"06180","Bohemian Waxwing","Bombycilla garrulus"
3748,"06190","Cedar Waxwing","Bombycilla cedrorum"
3751,"06185","unid. Cedar Waxwing / Bohemian Waxwing","Bombycilla garrulus / cedrorum"
3754,"17220","Gray Silky-flycatcher","Ptilogonys cinereus"
3757,"06200","Phainopepla","Phainopepla nitens"
3760,"06510","Olive Warbler","Peucedramus taeniatus"
3763,"05360","Lapland Longspur","Calcarius lapponicus"
3766,"05380","Chestnut-collared Longspur","Calcarius ornatus"
3769,"05370","Smith's Longspur","Calcarius pictus"
3772,"05390","McCown's Longspur","Rhynchophanes mccownii"
3775,"05340","Snow Bunting","Plectrophenax nivalis"
3778,"05350","McKay's Bunting","Plectrophenax hyperboreus"
3781,"06740","Ovenbird","Seiurus aurocapilla"
3784,"06390","Worm-eating Warbler","Helmitheros vermivorum"
3787,"06760","Louisiana Waterthrush","Parkesia motacilla"
3790,"06750","Northern Waterthrush","Parkesia noveboracensis"
3793,"06420","Golden-winged Warbler","Vermivora chrysoptera"
3796,"06410","Blue-winged Warbler","Vermivora cyanoptera"
3799,"06412","Brewster's Warbler (Golden-winged x Blue-winged)","Vermivora chrysoptera x cyanoptera"
3802,"06413","Lawrence's Warbler (Golden-winged x Blue-winged)","Vermivora chrysoptera x cyanoptera"
3805,"06360","Black-and-white Warbler","Mniotilta varia"
3808,"06370","Prothonotary Warbler","Protonotaria citrea"
3811,"06380","Swainson's Warbler","Limnothlypis swainsonii"
3814,"06492","Crescent-chested Warbler","Oreothlypis superciliosa"
3817,"06470","Tennessee Warbler","Oreothlypis peregrina"
3820,"06460","Orange-crowned Warbler","Oreothlypis celata"
3823,"06471","Colima Warbler","Oreothlypis crissalis"
3826,"06430","Lucy's Warbler","Oreothlypis luciae"
3829,"06450","Nashville Warbler","Oreothlypis ruficapilla"
3832,"06440","Virginia's Warbler","Oreothlypis virginiae"
3835,"06780","Connecticut Warbler","Oporornis agilis"
3838,"06821","Gray-crowned Yellowthroat","Geothlypis poliocephala"
3841,"06800","MacGillivray's Warbler","Geothlypis tolmiei"
3844,"06790","Mourning Warbler","Geothlypis philadelphia"
3847,"06770","Kentucky Warbler","Geothlypis formosa"
3850,"17610","Black-polled Yellowthroat","Geothlypis speciosa"
3853,"06820","Belding's Yellowthroat","Geothlypis beldingi"
3856,"17580","Altamira Yellowthroat","Geothlypis flavovelata"
3859,"06810","Common Yellowthroat","Geothlypis trichas"
3862,"17620","Hooded Yellowthroat","Geothlypis nelsoni"
3865,"17560","Elfin-woods Warbler","Setophaga angelae"
3868,"06840","Hooded Warbler","Setophaga citrina"
3871,"06870","American Redstart","Setophaga ruticilla"
3874,"06700","Kirtland's Warbler","Setophaga kirtlandii"
3877,"06500","Cape May Warbler","Setophaga tigrina"
3880,"06580","Cerulean Warbler","Setophaga cerulea"
3883,"06480","Northern Parula","Setophaga americana"
3886,"06490","Tropical Parula","Setophaga pitiayumi"
3889,"06570","Magnolia Warbler","Setophaga magnolia"
3892,"06600","Bay-breasted Warbler","Setophaga castanea"
3895,"06620","Blackburnian Warbler","Setophaga fusca"
3898,"06520","Yellow Warbler","Setophaga petechia"
3901,"06590","Chestnut-sided Warbler","Setophaga pensylvanica"
3904,"06610","Blackpoll Warbler","Setophaga striata"
3907,"06540","Black-throated Blue Warbler","Setophaga caerulescens"
3910,"06720","Palm Warbler","Setophaga palmarum"
3913,"06710","Pine Warbler","Setophaga pinus"
3916,"06550","(Myrtle Warbler) Yellow-rumped Warbler","Setophaga coronata coronata"
3919,"06560","(Audubon's Warbler) Yellow-rumped Warbler","Setophaga coronata audoboni"
3922,"06556","(unid. Myrtle/Audubon's) Yellow-rumped Warbler","Setophaga coronata"
3925,"06630","Yellow-throated Warbler","Setophaga dominica"
3928,"06730","Prairie Warbler","Setophaga discolor"
3931,"17510","Adelaide's Warbler","Setophaga adelaidae"
3934,"06640","Grace's Warbler","Setophaga graciae"
3937,"06650","Black-throated Gray Warbler","Setophaga nigrescens"
3940,"06680","Townsend's Warbler","Setophaga townsendi"
3943,"06690","Hermit Warbler","Setophaga occidentalis"
3946,"06685","unid. Townsend's Warbler / Hermit Wabler","Setophaga townsendi / occidentalis"
3949,"06660","Golden-cheeked Warbler","Setophaga chrysoparia"
3952,"06670","Black-throated Green Warbler","Setophaga virens"
3955,"06881","Fan-tailed Warbler","Basileuterus lachrymosus"
3958,"06921","Rufous-capped Warbler","Basileuterus rufifrons"
3961,"06930","Golden-browed Warbler","Basileuterus belli"
3964,"06920","Golden-crowned Warbler","Basileuterus culicivorus"
3967,"06860","Canada Warbler","Cardellina canadensis"
3970,"06850","Wilson's Warbler","Cardellina pusilla"
3973,"06900","Red-faced Warbler","Cardellina rubrifrons"
3976,"06910","Red Warbler","Cardellina rubra"
3979,"17680","Pink-headed Warbler","Cardellina versicolor"
3982,"06880","Painted Redstart","Myioborus pictus"
3985,"06890","Slate-throated Redstart","Myioborus miniatus"
3988,"06830","Yellow-breasted Chat","Icteria virens"
3991,"06350","Bananaquit","Coereba flaveola"
3994,"18480","Puerto Rican Tanager","Nesospingus speculiferus"
3997,"18400","Rosy Thrush-Tanager","Rhodinocichla rosea"
4000,"18180","Gray-headed Tanager","Eucometis penicillata"
4003,"18190","Black-throated Shrike-Tanager","Lanio aurantius"
4006,"18330","Crimson-collared Tanager","Ramphocelus sanguinolentus"
4009,"18350","Passerini's Tanager","Ramphocelus passerinii"
4012,"06101","Western Spindalis","Spindalis zena"
4015,"18143","Puerto Rican Spindalis","Spindalis portoricensis"
4018,"18120","Blue-gray Tanager","Thraupis episcopus"
4021,"18130","Yellow-winged Tanager","Thraupis abbas"
4024,"17800","Azure-rumped Tanager","Tangara cabanisi"
4027,"17880","Golden-hooded Tanager","Tangara larvata"
4030,"17940","Green Honeycreeper","Chlorophanes spiza"
4033,"17950","Shining Honeycreeper","Cyanerpes lucidus"
4036,"17970","Red-legged Honeycreeper","Cyanerpes cyaneus"
4039,"18530","Grayish Saltator","Saltator coerulescens"
4042,"18540","Buff-throated Saltator","Saltator maximus"
4045,"18550","Black-headed Saltator","Saltator atriceps"
4048,"18810","Blue-black Grassquit","Volatinia jacarina"
4051,"18830","Variable Seedeater","Sporophila americana"
4054,"06020","White-collared Seedeater","Sporophila torqueola"
4057,"18850","Ruddy-breasted Seedeater","Sporophila minuta"
4060,"18871","Thick-billed Seed-Finch","Oryzoborus funereus"
4063,"06032","Yellow-faced Grassquit","Tiaris olivaceus"
4066,"06030","Black-faced Grassquit","Tiaris bicolor"
4069,"18910","Puerto Rican Bullfinch","Loxigilla portoricensis"
4075,"18970","Slaty Finch","Haplospiza rustica"
4078,"18990","Cinnamon-bellied Flowerpiercer","Diglossa baritula"
4081,"05861","Saffron Finch","Sicalis flaveola"
4084,"19010","Grassland Yellow-Finch","Sicalis luteola"
4087,"05922","Red-crested Cardinal","Paroaria coronata"
4093,"18730","Orange-billed Sparrow","Arremon aurantiirostris"
4096,"18700","Chestnut-capped Brush-Finch","Arremon brunneinucha"
4099,"18710","Green-striped Brush-Finch","Arremon virenticeps"
4102,"05860","Olive Sparrow","Arremonops rufivirgatus"
4105,"18740","Green-backed Sparrow","Arremonops chloronotus"
4108,"18670","White-naped Brush-Finch","Atlapetes albinucha"
4111,"18690","Rufous-capped Brush-Finch","Atlapetes pileatus"
4114,"18790","Collared Towhee","Pipilo ocai"
4117,"05900","Green-tailed Towhee","Pipilo chlorurus"
4120,"05880","Spotted Towhee","Pipilo maculatus"
4123,"05870","Eastern Towhee","Pipilo erythrophthalmus"
4126,"05871","unid. Spotted Towhee / Eastern Towhee","Pipilo maculatus / erythrophthalmus"
4129,"19080","Rusty Sparrow","Aimophila rufescens"
4132,"05800","Rufous-crowned Sparrow","Aimophila ruficeps"
4135,"19070","Oaxaca Sparrow","Aimophila notosticta"
4138,"18780","White-eared Ground-Sparrow","Melozone leucotis"
4141,"18770","Prevost's Ground-Sparrow","Melozone biarcuata"
4144,"18760","Rusty-crowned Ground-Sparrow","Melozone kieneri"
4147,"05910","Canyon Towhee","Melozone fusca"
4150,"18800","White-throated Towhee","Melozone albicollis"
4153,"05911","California Towhee","Melozone crissalis"
4156,"05920","Abert's Towhee","Melozone aberti"
4159,"19060","Cinnamon-tailed Sparrow","Peucaea sumichrasti"
4162,"05790","Rufous-winged Sparrow","Peucaea carpalis"
4165,"19050","Stripe-headed Sparrow","Peucaea ruficauda"
4168,"19040","Black-chested Sparrow","Peucaea humeralis"
4171,"19030","Bridled Sparrow","Peucaea mystacalis"
4174,"05760","Botteri's Sparrow","Peucaea botterii"
4177,"05780","Cassin's Sparrow","Peucaea cassinii"
4180,"05750","Bachman's Sparrow","Peucaea aestivalis"
4183,"19090","Striped Sparrow","Oriturus superciliosus"
4186,"05590","American Tree Sparrow","Spizella arborea"
4189,"05600","Chipping Sparrow","Spizella passerina"
4192,"05610","Clay-colored Sparrow","Spizella pallida"
4195,"05620","Brewer's Sparrow","Spizella breweri"
4198,"05630","Field Sparrow","Spizella pusilla"
4201,"05640","Worthen's Sparrow","Spizella wortheni"
4204,"05650","Black-chinned Sparrow","Spizella atrogularis"
4207,"05400","Vesper Sparrow","Pooecetes gramineus"
4210,"05520","Lark Sparrow","Chondestes grammacus"
4213,"05742","Five-striped Sparrow","Amphispiza quinquestriata"
4216,"05730","Black-throated Sparrow","Amphispiza bilineata"
4219,"05740","Sage Sparrow","Amphispiza belli"
4222,"06050","Lark Bunting","Calamospiza melanocorys"
4225,"05420","Savannah Sparrow","Passerculus sandwichensis"
4228,"05460","Grasshopper Sparrow","Ammodramus savannarum"
4231,"05450","Baird's Sparrow","Ammodramus bairdii"
4234,"05470","Henslow's Sparrow","Ammodramus henslowii"
4237,"05480","Le Conte's Sparrow","Ammodramus leconteii"
4240,"05491","Nelson's Sparrow","Ammodramus nelsoni"
4243,"05490","Saltmarsh Sparrow","Ammodramus caudacutus"
4246,"05492","unid. Nelson's Sparrow / Saltmarsh Sparrow","Ammodramus nelsoni / caudacutus"
4249,"05500","Seaside Sparrow","Ammodramus maritimus"
4252,"19110","Sierra Madre Sparrow","Xenospiza baileyi"
4255,"05850","Fox Sparrow","Passerella iliaca"
4267,"05810","Song Sparrow","Melospiza melodia"
4270,"05830","Lincoln's Sparrow","Melospiza lincolnii"
4273,"05840","Swamp Sparrow","Melospiza georgiana"
4276,"19120","Rufous-collared Sparrow","Zonotrichia capensis"
4279,"05580","White-throated Sparrow","Zonotrichia albicollis"
4282,"05530","Harris's Sparrow","Zonotrichia querula"
4285,"05540","White-crowned Sparrow","Zonotrichia leucophrys"
4288,"05570","Golden-crowned Sparrow","Zonotrichia atricapilla"
4291,"05670","(Slate-colored Junco) Dark-eyed Junco","Junco hyemalis hyemalis"
4294,"05671","(Oregon Junco) Dark-eyed Junco","Junco hyemalis oreganus"
4297,"05680","(Pink-sided Junco) Dark-eyed Junco","Junco hyemalis mearnsi"
4300,"05660","(White-winged Junco) Dark-eyed Junco","Junco hyemalis aikeni"
4303,"05690","(Gray-headed Junco) Dark-eyed Junco","Junco hyemalis caniceps"
4306,"05720","(Guadalupe Junco) Dark-eyed Junco","Junco hyemalis insularis"
4309,"05677","(unid. race) Dark-eyed Junco","Junco hyemalis"
4312,"05700","Yellow-eyed Junco","Junco phaeonotus"
4315,"18420","Common Bush-Tanager","Chlorospingus ophthalmicus"
4327,"05351","Rustic Bunting","Emberiza rustica"
4345,"18290","Rose-throated Tanager","Piranga roseogularis"
4348,"06090","Hepatic Tanager","Piranga flava"
4351,"06100","Summer Tanager","Piranga rubra"
4354,"06080","Scarlet Tanager","Piranga olivacea"
4357,"06070","Western Tanager","Piranga ludoviciana"
4360,"06071","Flame-colored Tanager","Piranga bidentata"
4363,"18310","White-winged Tanager","Piranga leucoptera"
4366,"18320","Red-headed Tanager","Piranga erythrocephala"
4369,"18260","Red-crowned Ant-Tanager","Habia rubica"
4372,"18270","Red-throated Ant-Tanager","Habia fuscicauda"
4375,"18570","Black-faced Grosbeak","Caryothraustes poliogaster"
4378,"05941","Crimson-collared Grosbeak","Rhodothraupis celaeno"
4381,"05930","Northern Cardinal","Cardinalis cardinalis"
4384,"05940","Pyrrhuloxia","Cardinalis sinuatus"
4387,"05935","unid. Northern Cardinal / Pyrrhuloxia","Cardinalis cardinalis / sinuatus"
4390,"05961","Yellow Grosbeak","Pheucticus chrysopeplus"
4393,"05950","Rose-breasted Grosbeak","Pheucticus ludovicianus"
4396,"05960","Black-headed Grosbeak","Pheucticus melanocephalus"
4399,"17750","Red-breasted Chat","Granatellus venustus"
4402,"17760","Gray-throated Chat","Granatellus sallaei"
4405,"18880","Blue Seedeater","Amaurospiza concolor"
4408,"18600","Blue-black Grosbeak","Cyanocompsa cyanoides"
4411,"05971","Blue Bunting","Cyanocompsa parellina"
4414,"05970","Blue Grosbeak","Passerina caerulea"
4417,"05990","Lazuli Bunting","Passerina amoena"
4420,"05980","Indigo Bunting","Passerina cyanea"
4423,"05986","hybrid Lazuli Bunting x Indigo Bunting","Passerina amoena x cyanea"
4426,"18610","Rose-bellied Bunting","Passerina rositae"
4429,"18620","Orange-breasted Bunting","Passerina leclancherii"
4432,"06000","Varied Bunting","Passerina versicolor"
4435,"06010","Painted Bunting","Passerina ciris"
4438,"06040","Dickcissel","Spiza americana"
4441,"04940","Bobolink","Dolichonyx oryzivorus"
4444,"04980","Red-winged Blackbird","Agelaius phoeniceus"
4447,"05000","Tricolored Blackbird","Agelaius tricolor"
4450,"05001","Tawny-shouldered Blackbird","Agelaius humeralis"
4453,"19140","Yellow-shouldered Blackbird","Agelaius xanthomus"
4456,"05010","Eastern Meadowlark","Sturnella magna"
4459,"05011","Western Meadowlark","Sturnella neglecta"
4462,"05012","unid. Eastern Meadowlark / Western Meadowlark","Sturnella magna / neglecta"
4465,"04970","Yellow-headed Blackbird","Xanthocephalus xanthocephalus"
4468,"19170","Melodious Blackbird","Dives dives"
4471,"05090","Rusty Blackbird","Euphagus carolinus"
4474,"05100","Brewer's Blackbird","Euphagus cyanocephalus"
4477,"05110","Common Grackle","Quiscalus quiscula"
4480,"05130","Boat-tailed Grackle","Quiscalus major"
4483,"05120","Great-tailed Grackle","Quiscalus mexicanus"
4486,"05135","unid. Boat-tailed Grackle / Great-tailed Grackle","Quiscalus major / mexicanus"
4489,"19210","Greater Antillean Grackle","Quiscalus niger"
4492,"04961","Shiny Cowbird","Molothrus bonariensis"
4495,"04960","Bronzed Cowbird","Molothrus aeneus"
4498,"04950","Brown-headed Cowbird","Molothrus ater"
4501,"19240","Giant Cowbird","Molothrus oryzivorus"
4504,"04955","unid. Cowbird","Molothrus sp."
4507,"19250","Puerto Rican Oriole","Icterus portoricensis"
4510,"05041","Black-vented Oriole","Icterus wagleri"
4513,"19290","Bar-winged Oriole","Icterus maculialatus"
4516,"19251","Black-cowled Oriole","Icterus prosthemelas"
4519,"05060","Orchard Oriole","Icterus spurius"
4522,"05050","Hooded Oriole","Icterus cucullatus"
4525,"19300","Yellow-backed Oriole","Icterus chrysater"
4528,"19320","Yellow-tailed Oriole","Icterus mesomelas"
4531,"05020","Venezuelan Troupial","Icterus icterus"
4534,"05051","Streak-backed Oriole","Icterus pustulatus"
4537,"05080","Bullock's Oriole","Icterus bullockii"
4540,"19330","Orange Oriole","Icterus auratus"
4543,"05032","Spot-breasted Oriole","Icterus pectoralis"
4546,"05031","Altamira Oriole","Icterus gularis"
4549,"05030","Audubon's Oriole","Icterus graduacauda"
4552,"05070","Baltimore Oriole","Icterus galbula"
4555,"05078","hybrid Bullock's Oriole x Baltimore Oriole","Icterus bullockii x galbula"
4558,"05077","unid. Bullock's Oriole / Baltimore Oriole","Icterus bullockii / galbula"
4561,"19341","Black-backed Oriole","Icterus abeillei"
4564,"05040","Scott's Oriole","Icterus parisorum"
4567,"19350","Yellow-billed Cacique","Amblycercus holosericeus"
4570,"19380","Yellow-winged Cacique","Cacicus melanicterus"
4573,"19400","Chestnut-headed Oropendola","Psarocolius wagleri"
4576,"19410","Montezuma Oropendola","Psarocolius montezuma"
4579,"05143","Common Chaffinch","Fringilla coelebs"
4582,"05141","Brambling","Fringilla montifringilla"
4585,"18010","Scrub Euphonia","Euphonia affinis"
4588,"18040","Yellow-throated Euphonia","Euphonia hirundinacea"
4591,"18050","Antillean Euphonia","Euphonia musica"
4594,"06060","Elegant Euphonia","Euphonia elegantissima"
4597,"18080","Olive-backed Euphonia","Euphonia gouldi"
4600,"18090","White-vented Euphonia","Euphonia minuta"
4603,"17980","Blue-crowned Chlorophonia","Chlorophonia occipitalis"
4606,"05240","Gray-crowned Rosy-Finch","Leucosticte tephrocotis"
4609,"05250","Black Rosy-Finch","Leucosticte atrata"
4612,"05260","Brown-capped Rosy-Finch","Leucosticte australis"
4615,"05241","unid. Rosy-Finch","Leucosticte tephrocotis / atrata / australis"
4618,"05150","Pine Grosbeak","Pinicola enucleator"
4624,"05170","Purple Finch","Carpodacus purpureus"
4627,"05180","Cassin's Finch","Carpodacus cassinii"
4630,"05190","House Finch","Carpodacus mexicanus"
4633,"05195","unid. Purple Finch / Cassin's Finch / House Finch","Carpodacus purpureus / cassinii / mexicanus"
4636,"05210","Red Crossbill","Loxia curvirostra"
4639,"05220","White-winged Crossbill","Loxia leucoptera"
4642,"05225","unid. Red Crossbill / White-winged Crossbill","Loxia curvirostra / leucoptera"
4645,"05280","Common Redpoll","Acanthis flammea"
4648,"05270","Hoary Redpoll","Acanthis hornemanni"
4651,"05275","unid. Common Redpoll / Hoary Redpoll","Carduelis flammea / hornemanni"
4657,"05330","Pine Siskin","Spinus pinus"
4660,"19430","Black-capped Siskin","Spinus atriceps"
4663,"19440","Black-headed Siskin","Spinus notatus"
4666,"19460","Red Siskin","Spinus cucullatus"
4675,"05300","Lesser Goldfinch","Spinus psaltria"
4678,"05310","Lawrence's Goldfinch","Spinus lawrencei"
4681,"05290","American Goldfinch","Spinus tristis"
4687,"05262","Oriental Greenfinch","Chloris sinica"
4690,"05332","Yellow-fronted Canary","Serinus mozambicus"
4693,"05331","Common Canary","Serinus canaria"
4699,"19480","Hooded Grosbeak","Coccothraustes abeillei"
4702,"05140","Evening Grosbeak","Coccothraustes vespertinus"
4777,"06882","House Sparrow","Passer domesticus"
4780,"06883","Eurasian Tree Sparrow","Passer montanus"
4783,"19500","Orange Bishop","Euplectes franciscanus"
4786,"19510","Yellow-crowned Bishop","Euplectes afer"
4795,"08070","Orange-cheeked Waxbill","Estrilda melpoda"
4798,"08080","Black-rumped Waxbill","Estrilda troglodytes"
4804,"08090","Red Avadavat","Amandava amandava"
4807,"08100","Indian Silverbill","Lonchura malabarica"
4813,"19530","Bronze Mannikin","Lonchura cucullata"
4816,"08110","Nutmeg Mannikin","Lonchura punctulata"
4819,"81200","Tricolored Munia","Lonchura malacca"
4828,"08130","Java Sparrow","Padda oryzivora"
4831,"19540","Pin-tailed Whydah","Vidua macroura"
